state,homes,with_mrp_price,avg_mrp_price,with_last_list_price,n_discount,median_mrp_vs_last_list_pct,mean_mrp_vs_last_list_pct,n_discount_incl_excluded,median_mrp_vs_last_list_pct_incl_excluded,n_days_listed,median_days_listed,n_comps,mrp_vs_comp_pct_aggregate,with_asking_rent,avg_asking_rent,n_yield,avg_gross_yield_pct
TX,340,0,,211,0,,,0,,55,106,0,,327,1679,0,
FL,142,142,280069,74,74,-4.3,-3.8,74,-4.3,69,68,103,-3.2,139,2012,139,8.66
SC,128,102,265011,80,51,-2.4,-1.1,71,-0.9,21,95,86,-0.2,128,1973,102,9.09
NC,93,82,326573,57,48,-1.8,-1.8,57,-0.4,49,79,81,-0.1,93,1971,82,7.36
AR,74,73,228447,63,54,-5.8,-5.2,62,-5.2,47,86,18,4.0,59,1497,58,7.9
OK,71,71,217036,31,25,-3.0,-2.9,31,-2.0,24,128.0,18,-2.1,52,1594,52,8.47
AL,62,3,322554,28,1,-12.2,-12.2,1,-12.2,13,67,3,5.1,55,1790,3,7.67
GA,55,23,343357,36,8,-0.2,-1.7,16,-0.8,31,58,18,6.1,55,2094,23,7.58
TN,25,24,363123,21,21,-1.7,-0.6,21,-1.7,21,68,23,-0.2,25,2023,24,6.77
MN,17,17,415528,14,14,-2.8,-2.5,14,-2.8,0,,17,7.0,17,2591,17,7.6
DE,9,0,,5,0,,,0,,2,79.0,0,,9,2439,0,
IN,9,0,,5,0,,,0,,5,71,0,,9,2093,0,
ID,7,0,,0,0,,,0,,0,,0,,7,2769,0,
CO,6,6,454135,3,3,-5.0,-6.5,3,-5.0,0,,5,-4.9,6,2559,6,6.78
VA,5,5,499778,1,1,-1.2,-1.2,1,-1.2,1,115,5,9.8,5,2585,5,6.24
AZ,2,2,435263,2,2,-5.9,-5.9,2,-5.9,0,,2,-0.9,2,2255,2,6.25
ALL,1045,550,284371,631,302,-3.2,-2.9,353,-2.9,338,79.0,379,0.0,988,1859,513,8.2
