builder	period	deliveries 2026 YTD	deliveries 2025 YTD	change %	FY2026 guidance low	FY2026 guidance high	FY2025 deliveries	guidance midpoint vs FY2025 %	ours: change %	ours: guidance vs FY2025 %	check (0 = match)
D.R. Horton	Q3 FY26 (9 months to Jun 30 2026)	61287	61495	=IF(AND(N(C2)>0,N(D2)>0),100*(C2/D2-1),"")	83800	84300	84863	=IF(AND(N(F2)>0,N(H2)>0),100*((F2+G2)/2/H2-1),"")	-0.3	-1.0	=ROUND(IF(OR(E2="",J2=""),0,E2-J2),1)+ROUND(IF(OR(I2="",K2=""),0,I2-K2),1)
Lennar	Q3 FY26 (9 months to Aug 31 2026)	58222	59549	=IF(AND(N(C3)>0,N(D3)>0),100*(C3/D3-1),"")	80000	81000	82583	=IF(AND(N(F3)>0,N(H3)>0),100*((F3+G3)/2/H3-1),"")	-2.2	-2.5	=ROUND(IF(OR(E3="",J3=""),0,E3-J3),1)+ROUND(IF(OR(I3="",K3=""),0,I3-K3),1)
PulteGroup	Q2 2026 (6 months to Jun 30 2026)	13099	14222	=IF(AND(N(C4)>0,N(D4)>0),100*(C4/D4-1),"")	28500	29000	29572	=IF(AND(N(F4)>0,N(H4)>0),100*((F4+G4)/2/H4-1),"")	-7.9	-2.8	=ROUND(IF(OR(E4="",J4=""),0,E4-J4),1)+ROUND(IF(OR(I4="",K4=""),0,I4-K4),1)
NVR	Q2 2026 (6 months to Jun 30 2026)	9073	10608	=IF(AND(N(C5)>0,N(D5)>0),100*(C5/D5-1),"")			21915	=IF(AND(N(F5)>0,N(H5)>0),100*((F5+G5)/2/H5-1),"")	-14.5		=ROUND(IF(OR(E5="",J5=""),0,E5-J5),1)+ROUND(IF(OR(I5="",K5=""),0,I5-K5),1)
Toll Brothers	Q3 FY26 (9 months to Jul 31 2026)	7052	7849	=IF(AND(N(C6)>0,N(D6)>0),100*(C6/D6-1),"")	10500	10600	11292	=IF(AND(N(F6)>0,N(H6)>0),100*((F6+G6)/2/H6-1),"")	-10.2	-6.6	=ROUND(IF(OR(E6="",J6=""),0,E6-J6),1)+ROUND(IF(OR(I6="",K6=""),0,I6-K6),1)
Taylor Morrison	Q1 2026 (3 months to Mar 31 2026) - last public release found; acquired by Berkshire Hathaway, closed Jul 24 2026	2268	3048	=IF(AND(N(C7)>0,N(D7)>0),100*(C7/D7-1),"")	11000	11000	12997	=IF(AND(N(F7)>0,N(H7)>0),100*((F7+G7)/2/H7-1),"")	-25.6	-15.4	=ROUND(IF(OR(E7="",J7=""),0,E7-J7),1)+ROUND(IF(OR(I7="",K7=""),0,I7-K7),1)
Meritage Homes	Q2 2026 (6 months to Jun 30 2026)	6692	7586	=IF(AND(N(C8)>0,N(D8)>0),100*(C8/D8-1),"")			15026	=IF(AND(N(F8)>0,N(H8)>0),100*((F8+G8)/2/H8-1),"")	-11.8		=ROUND(IF(OR(E8="",J8=""),0,E8-J8),1)+ROUND(IF(OR(I8="",K8=""),0,I8-K8),1)
KB Home	Q3 FY26 (9 months to Aug 31 2026)	7497	9283	=IF(AND(N(C9)>0,N(D9)>0),100*(C9/D9-1),"")	10500	11000	12902	=IF(AND(N(F9)>0,N(H9)>0),100*((F9+G9)/2/H9-1),"")	-19.2	-16.7	=ROUND(IF(OR(E9="",J9=""),0,E9-J9),1)+ROUND(IF(OR(I9="",K9=""),0,I9-K9),1)
Century Communities	Q2 2026 (6 months to Jun 30 2026)	4519	4871	=IF(AND(N(C10)>0,N(D10)>0),100*(C10/D10-1),"")	9750	10500	10387	=IF(AND(N(F10)>0,N(H10)>0),100*((F10+G10)/2/H10-1),"")	-7.2	-2.5	=ROUND(IF(OR(E10="",J10=""),0,E10-J10),1)+ROUND(IF(OR(I10="",K10=""),0,I10-K10),1)
M/I Homes	Q2 2026 (6 months to Jun 30 2026)	4120	4324	=IF(AND(N(C11)>0,N(D11)>0),100*(C11/D11-1),"")			8921	=IF(AND(N(F11)>0,N(H11)>0),100*((F11+G11)/2/H11-1),"")	-4.7		=ROUND(IF(OR(E11="",J11=""),0,E11-J11),1)+ROUND(IF(OR(I11="",K11=""),0,I11-K11),1)
Dream Finders	Q2 2026 (6 months to Jun 30 2026)	4160	4157	=IF(AND(N(C12)>0,N(D12)>0),100*(C12/D12-1),"")	9250	9250	8608	=IF(AND(N(F12)>0,N(H12)>0),100*((F12+G12)/2/H12-1),"")	0.1	7.5	=ROUND(IF(OR(E12="",J12=""),0,E12-J12),1)+ROUND(IF(OR(I12="",K12=""),0,I12-K12),1)
LGI Homes	Q2 2026 (6 months to Jun 30 2026)	2356	2319	=IF(AND(N(C13)>0,N(D13)>0),100*(C13/D13-1),"")	4600	5400	4788	=IF(AND(N(F13)>0,N(H13)>0),100*((F13+G13)/2/H13-1),"")	1.6	4.4	=ROUND(IF(OR(E13="",J13=""),0,E13-J13),1)+ROUND(IF(OR(I13="",K13=""),0,I13-K13),1)
Tri Pointe	Q2 2026 (6 months to Jun 30 2026)	1749	2366	=IF(AND(N(C14)>0,N(D14)>0),100*(C14/D14-1),"")			4947	=IF(AND(N(F14)>0,N(H14)>0),100*((F14+G14)/2/H14-1),"")	-26.1		=ROUND(IF(OR(E14="",J14=""),0,E14-J14),1)+ROUND(IF(OR(I14="",K14=""),0,I14-K14),1)
Beazer Homes	Q3 FY26 (9 months to Jun 30 2026)	2353	3021	=IF(AND(N(C15)>0,N(D15)>0),100*(C15/D15-1),"")			4427	=IF(AND(N(F15)>0,N(H15)>0),100*((F15+G15)/2/H15-1),"")	-22.1		=ROUND(IF(OR(E15="",J15=""),0,E15-J15),1)+ROUND(IF(OR(I15="",K15=""),0,I15-K15),1)
TOTAL (all with both years)		=SUMPRODUCT(ISNUMBER(C2:C15)*ISNUMBER(D2:D15),C2:C15)	=SUMPRODUCT(ISNUMBER(C2:C15)*ISNUMBER(D2:D15),D2:D15)	=100*(C16/D16-1)				=100*(SUMPRODUCT(ISNUMBER(F2:F15),(F2:F15+G2:G15)/2)/SUMPRODUCT(ISNUMBER(F2:F15),H2:H15)-1)			
