builder,fiscal_year_end,latest_period,deliveries_ytd_2026,deliveries_ytd_2025,deliveries_ytd_chg_pct,starts_ytd_2026,starts_ytd_2025,starts_ytd_chg_pct,starts_basis,fy2026_delivery_guidance,fy2025_deliveries,guidance_mid_chg_pct,stated_reason,source_urls
D.R. Horton,Sep 30,Q3 FY26 (9 months to Jun 30 2026),61287,61495,-0.3,23900,24700,-3.2,Q3 quarter only (Apr-Jun 2026 vs Apr-Jun 2025); YTD starts not disclosed,"83,800-84,300",84863,-1.0,"Guidance trimmed: sales rate below internal expectation, demand softened in quarter; prioritizing margin over volume; expects Q4 starts below Q3; homes in inventory 38,000 (-1% y/y)",https://investor.drhorton.com/~/media/Files/D/D-R-Horton-IR/press-release/dhi-q3-2026-earnings-release.pdf ; https://www.fool.com/earnings/call-transcripts/2026/07/22/dr-horton-dhi-q3-2026-earnings-call-transcript/ ; https://investor.drhorton.com/~/media/Files/D/D-R-Horton-IR/reports-and-presentations/d-r-horton-3q25-earnings-call-transcript-7-22-2025.pdf ; https://investor.drhorton.com/news-and-events/press-releases/2025/10-28-2025-103117295
Lennar,Nov 30,Q3 FY26 (9 months to Aug 31 2026),58222,59549,-2.2,not disclosed,not disclosed,,"Not disclosed as units for both years; Q3 starts pace 4.1/community/month (Q3 FY26, 1,713 communities) vs 4.4 (Q3 FY25, 1,664 communities); Q3 FY26 starts 'just under 21,000'","80,000-81,000",82583,-2.5,Cut from 82-83k: rates ~7% and weak consumer confidence; keeps volume via ~12% incentives (even-flow: starts~sales~deliveries); reduced completed unsold inventory,https://newsroom.lennar.com/2026-09-16-Lennar-Reports-Third-Quarter-2026-Results ; https://www.fool.com/earnings/call-transcripts/2026/09/17/lennar-len-q3-2026-earnings-call-transcript/ ; https://newsroom.lennar.com/2025-09-18-Lennar-Reports-Third-Quarter-2025-Results ; https://newsroom.lennar.com/2025-12-16-Lennar-Reports-Fourth-Quarter-and-Fiscal-2025-Results
PulteGroup,Dec 31,Q2 2026 (6 months to Jun 30 2026),13099,14222,-7.9,14378,not disclosed,,"H1 2026 = 14,378 (stated). H1 2025 not stated as one figure: Q1'25 'approximately 6,700' + Q2'25 7,220 (~13,920, approx, +3%)","28,500-29,000",29572,-2.8,"Reaffirmed; transition back to build-to-order (45% of Q2 orders); 'intentionally under started' H1 sales (orders 15,570 vs starts 14,378); specs cut from 8,800 (end-24) to ~6,600; incentives 10.4%",https://pultegroupinc.com/investor-relations/news/news-details/2026/PulteGroup-Reports-Second-Quarter-2026-Financial-Results/default.aspx ; https://stockanalysis.com/stocks/phm/transcripts/653558-q2-2026/ ; https://www.fool.com/earnings/call-transcripts/2025/08/05/pultegroup-phm-q2-2025-earnings-call-transcript/ ; https://equibles.com/stocks/phm/calls/2025-q1 ; https://www.businesswire.com/news/home/20260129530503/en/PulteGroup-Reports-Fourth-Quarter-2025-Financial-Results
NVR,Dec 31,Q2 2026 (6 months to Jun 30 2026),9073,10608,-14.5,not disclosed,not disclosed,,not disclosed,No guidance (NVR does not guide),21915,,Not stated; settlements down on lower beginning backlog; Q2 orders +9%,https://www.stocktitan.net/news/NVR/nvr-inc-announces-second-quarter-4sy61qlhfmo4.html ; https://www.morningstar.com/news/pr-newswire/20260128ph72096/nvr-inc-announces-fourth-quarter-and-full-year-results
Toll Brothers,Oct 31,Q3 FY26 (9 months to Jul 31 2026),7052,7849,-10.2,not disclosed,not disclosed,,Not disclosed in units; mgmt: Q3 pre-footing (starts) up 'over 30%' y/y as specs rebuilt for spring,"10,500-10,600",11292,-6.6,Narrowed range; finished specs cut to 1.9/community from 2.8 at start of FY26; ~52% of Q3 settlements were spec,https://www.globenewswire.com/news-release/2026/08/18/3347263/1924/en/toll-brothers-reports-fy-2026-third-quarter-results.html ; https://www.fool.com/earnings/call-transcripts/2026/08/25/toll-brothers-tol-q3-2026-earnings-call-transcript/ ; https://investors.tollbrothers.com/news-and-events/press-releases/2025/12-08-2025-213057278
Taylor Morrison,Dec 31,"Q1 2026 (3 months to Mar 31 2026) - last public release found; acquired by Berkshire Hathaway, closed Jul 24 2026",2268,3048,-25.6,not disclosed,not disclosed,,not disclosed,"approximately 11,000 (given Feb, reaffirmed Apr 2026)",12997,-15.4,"Shift to to-be-built (38% of Q1 orders vs 28% in Q4'25), 30% fewer finished specs, lower incentives; refocus on core move-up, cut non-core submarket investment",https://www.sec.gov/Archives/edgar/data/0001562476/000119312526168218/d44208dex991.htm ; https://newsroom.taylormorrison.com/2026-02-11-Taylor-Morrison-Reports-Fourth-Quarter-and-Full-Year-2025-Results ; https://www.investing.com/news/earnings/taylor-morrison-faces-final-earnings-test-as-berkshire-era-begins-93CH-4817605
Meritage Homes,Dec 31,Q2 2026 (6 months to Jun 30 2026),6692,7586,-11.8,not disclosed,not disclosed,"-4 (Q2 only, stated)","Q2 only: 'approximately 3.9 thousand', down 4% y/y (exact Q2'25 not given); YTD not disclosed",around 5% below FY2025 (cut from flat vs 2025),15026,-5.0,"Weaker buyer psychology/volatile rates; absorption -19%; specs 5.1k (-27% y/y), completed specs 1.5k (-42%)",https://www.globenewswire.com/news-release/2026/07/29/3335619/6889/en/Meritage-Homes-reports-second-quarter-2026-results.html ; https://www.theglobeandmail.com/investing/markets/stocks/HLT/pressreleases/3730568/meritage-homes-mth-q2-2026-earnings-call-transcript/ ; https://investors.meritagehomes.com/news-events-presentations/press-releases/detail/427/meritage-homes-reports-fourth-quarter-2025-results
KB Home,Nov 30,Q3 FY26 (9 months to Aug 31 2026),7497,9283,-19.2,not disclosed,not disclosed,,not disclosed,"10,500-11,000",12902,-16.7,"Return to built-to-order (74% of Q3 deliveries vs 60% Q2), longer cycle; unsold inventory 26% of production vs 41% yr ago; weak confidence, resale inventory highest in a decade",https://www.investor.kbhome.com/company-news/news-releases/press-release-details/2026/KB-HOME-REPORTS-2026-THIRD-QUARTER-RESULTS/default.aspx ; https://www.fool.com/earnings/call-transcripts/2026/09/23/kb-home-kbh-q3-2026-earnings-call-transcript/ ; https://investor.kbhome.com/company-news/news-releases/press-release-details/2025/KB-Home-Reports-2025-Fourth-Quarter-and-Full-Year-Results/default.aspx
Century Communities,Dec 31,Q2 2026 (6 months to Jun 30 2026),4519,4871,-7.2,not disclosed,not disclosed,,not disclosed,"9,750-10,500",10387,-2.5,"Not stated as pullback; initial 2026 guide was 10,000-11,000 (Jan 2026); Q2 deliveries beat on stronger orders",https://www.stocktitan.net/news/CCS/century-communities-reports-second-quarter-2026-wq8vzf3fv42q.html ; https://investors.centurycommunities.com/news/news-details/2026/Century-Communities-Reports-Fourth-Quarter-and-Full-Year-2025-Results/default.aspx
M/I Homes,Dec 31,Q2 2026 (6 months to Jun 30 2026),4120,4324,-4.7,not disclosed,not disclosed,,not disclosed,No full-year delivery guidance,8921,,"Not stated; Q2 contracts +15% (record); homes in inventory 2,839 vs 2,726",https://www.stocktitan.net/news/MHO/m-i-homes-reports-2026-second-quarter-nslfm167mm34.html ; https://investors.mihomes.com/news-events/press-releases/press-release/2026/MI-Homes-Reports-Fourth-Quarter-and-Year-End-Results/default.aspx
Dream Finders,Dec 31,Q2 2026 (6 months to Jun 30 2026),4160,4157,0.1,not disclosed,not disclosed,,not disclosed,"approximately 9,250 (maintained)",8608,7.5,"Growth guide; agreed to acquire Beazer (~$2.2bn, announced Aug 2026)",https://investors.dreamfindershomes.com/news-events/press-releases/detail/64/dream-finders-homes-announces-second-quarter-2026-results ; https://investors.dreamfindershomes.com/news-events/press-releases/detail/54/dream-finders-announces-fourth-quarter-and-full-year-2025
LGI Homes,Dec 31,Q2 2026 (6 months to Jun 30 2026),2356,2319,1.6,not disclosed,not disclosed,,not disclosed,"4,600-5,400",4788,4.4,"Total closings incl. leased homes (2026 H1 incl. 110 leased; FY25 4,788 incl. 103 leased); wholesale contract for 480 homes in 2026",https://www.globenewswire.com/news-release/2026/08/04/3338159/0/en/lgi-homes-inc-reports-strong-second-quarter-2026-results-and-increases-full-year-2026-average-sales-price-and-homebuilding-gross-margin-guidance-ranges.html ; https://investor.lgihomes.com/news-releases/news-release-details/lgi-homes-inc-reports-fourth-quarter-and-full-year-2025-results
Tri Pointe,Dec 31,Q2 2026 (6 months to Jun 30 2026),1749,2366,-26.1,not disclosed,not disclosed,,not disclosed,No guidance (acquired by Sumitomo Forestry),4947,,Not stated; merger with Sumitomo Forestry,https://www.globenewswire.com/news-release/2026/08/13/3344965/0/en/tri-pointe-homes-inc-reports-2026-second-quarter-results.html ; https://investors.tripointehomes.com/newsroom/press-release-details/2026/Tri-Pointe-Homes-Inc--Reports-2025-Fourth-Quarter-and-Full-Year-Results/default.aspx
Beazer Homes,Sep 30,Q3 FY26 (9 months to Jun 30 2026),2353,3021,-22.1,not disclosed,not disclosed,,not disclosed,Guidance withdrawn (pending Dream Finders acquisition),4427,,Q3 closings down on lower beginning backlog,https://www.stocktitan.net/news/BZH/beazer-homes-reports-third-quarter-fiscal-2026-9q5vkwjc17j6.html ; https://ir.beazer.com/news-releases/news-release-details/beazer-homes-reports-fourth-quarter-and-full-fiscal-2025-results
