builder,source_type,publisher,url
D.R. Horton,company press release (company website),investor.drhorton.com,https://investor.drhorton.com/~/media/Files/D/D-R-Horton-IR/press-release/dhi-q3-2026-earnings-release.pdf
D.R. Horton,earnings call transcript (third-party),fool.com,https://www.fool.com/earnings/call-transcripts/2026/07/22/dr-horton-dhi-q3-2026-earnings-call-transcript/
D.R. Horton,earnings call transcript (company website),investor.drhorton.com,https://investor.drhorton.com/~/media/Files/D/D-R-Horton-IR/reports-and-presentations/d-r-horton-3q25-earnings-call-transcript-7-22-2025.pdf
D.R. Horton,company press release (company website),investor.drhorton.com,https://investor.drhorton.com/news-and-events/press-releases/2025/10-28-2025-103117295
Lennar,company press release (company website),newsroom.lennar.com,https://newsroom.lennar.com/2026-09-16-Lennar-Reports-Third-Quarter-2026-Results
Lennar,earnings call transcript (third-party),fool.com,https://www.fool.com/earnings/call-transcripts/2026/09/17/lennar-len-q3-2026-earnings-call-transcript/
Lennar,company press release (company website),newsroom.lennar.com,https://newsroom.lennar.com/2025-09-18-Lennar-Reports-Third-Quarter-2025-Results
Lennar,company press release (company website),newsroom.lennar.com,https://newsroom.lennar.com/2025-12-16-Lennar-Reports-Fourth-Quarter-and-Fiscal-2025-Results
PulteGroup,company press release (company website),pultegroupinc.com,https://pultegroupinc.com/investor-relations/news/news-details/2026/PulteGroup-Reports-Second-Quarter-2026-Financial-Results/default.aspx
PulteGroup,earnings call transcript (third-party),stockanalysis.com,https://stockanalysis.com/stocks/phm/transcripts/653558-q2-2026/
PulteGroup,earnings call transcript (third-party),fool.com,https://www.fool.com/earnings/call-transcripts/2025/08/05/pultegroup-phm-q2-2025-earnings-call-transcript/
PulteGroup,earnings call transcript (third-party),equibles.com,https://equibles.com/stocks/phm/calls/2025-q1
PulteGroup,company press release (newswire),businesswire.com,https://www.businesswire.com/news/home/20260129530503/en/PulteGroup-Reports-Fourth-Quarter-2025-Financial-Results
NVR,company press release (republished by third party),stocktitan.net,https://www.stocktitan.net/news/NVR/nvr-inc-announces-second-quarter-4sy61qlhfmo4.html
NVR,company press release (republished by third party),morningstar.com,https://www.morningstar.com/news/pr-newswire/20260128ph72096/nvr-inc-announces-fourth-quarter-and-full-year-results
Toll Brothers,company press release (newswire),globenewswire.com,https://www.globenewswire.com/news-release/2026/08/18/3347263/1924/en/toll-brothers-reports-fy-2026-third-quarter-results.html
Toll Brothers,earnings call transcript (third-party),fool.com,https://www.fool.com/earnings/call-transcripts/2026/08/25/toll-brothers-tol-q3-2026-earnings-call-transcript/
Toll Brothers,company press release (company website),investors.tollbrothers.com,https://investors.tollbrothers.com/news-and-events/press-releases/2025/12-08-2025-213057278
Taylor Morrison,SEC filing (company exhibit),sec.gov,https://www.sec.gov/Archives/edgar/data/0001562476/000119312526168218/d44208dex991.htm
Taylor Morrison,company press release (company website),newsroom.taylormorrison.com,https://newsroom.taylormorrison.com/2026-02-11-Taylor-Morrison-Reports-Fourth-Quarter-and-Full-Year-2025-Results
Taylor Morrison,news / analysis (third-party),investing.com,https://www.investing.com/news/earnings/taylor-morrison-faces-final-earnings-test-as-berkshire-era-begins-93CH-4817605
Meritage Homes,company press release (newswire),globenewswire.com,https://www.globenewswire.com/news-release/2026/07/29/3335619/6889/en/Meritage-Homes-reports-second-quarter-2026-results.html
Meritage Homes,earnings call transcript (third-party),theglobeandmail.com,https://www.theglobeandmail.com/investing/markets/stocks/HLT/pressreleases/3730568/meritage-homes-mth-q2-2026-earnings-call-transcript/
Meritage Homes,company press release (company website),investors.meritagehomes.com,https://investors.meritagehomes.com/news-events-presentations/press-releases/detail/427/meritage-homes-reports-fourth-quarter-2025-results
KB Home,company press release (company website),investor.kbhome.com,https://www.investor.kbhome.com/company-news/news-releases/press-release-details/2026/KB-HOME-REPORTS-2026-THIRD-QUARTER-RESULTS/default.aspx
KB Home,earnings call transcript (third-party),fool.com,https://www.fool.com/earnings/call-transcripts/2026/09/23/kb-home-kbh-q3-2026-earnings-call-transcript/
KB Home,company press release (company website),investor.kbhome.com,https://investor.kbhome.com/company-news/news-releases/press-release-details/2025/KB-Home-Reports-2025-Fourth-Quarter-and-Full-Year-Results/default.aspx
Century Communities,company press release (republished by third party),stocktitan.net,https://www.stocktitan.net/news/CCS/century-communities-reports-second-quarter-2026-wq8vzf3fv42q.html
Century Communities,company press release (company website),investors.centurycommunities.com,https://investors.centurycommunities.com/news/news-details/2026/Century-Communities-Reports-Fourth-Quarter-and-Full-Year-2025-Results/default.aspx
M/I Homes,company press release (republished by third party),stocktitan.net,https://www.stocktitan.net/news/MHO/m-i-homes-reports-2026-second-quarter-nslfm167mm34.html
M/I Homes,company press release (company website),investors.mihomes.com,https://investors.mihomes.com/news-events/press-releases/press-release/2026/MI-Homes-Reports-Fourth-Quarter-and-Year-End-Results/default.aspx
Dream Finders,company press release (company website),investors.dreamfindershomes.com,https://investors.dreamfindershomes.com/news-events/press-releases/detail/64/dream-finders-homes-announces-second-quarter-2026-results
Dream Finders,company press release (company website),investors.dreamfindershomes.com,https://investors.dreamfindershomes.com/news-events/press-releases/detail/54/dream-finders-announces-fourth-quarter-and-full-year-2025
LGI Homes,company press release (newswire),globenewswire.com,https://www.globenewswire.com/news-release/2026/08/04/3338159/0/en/lgi-homes-inc-reports-strong-second-quarter-2026-results-and-increases-full-year-2026-average-sales-price-and-homebuilding-gross-margin-guidance-ranges.html
LGI Homes,company press release (company website),investor.lgihomes.com,https://investor.lgihomes.com/news-releases/news-release-details/lgi-homes-inc-reports-fourth-quarter-and-full-year-2025-results
Tri Pointe,company press release (newswire),globenewswire.com,https://www.globenewswire.com/news-release/2026/08/13/3344965/0/en/tri-pointe-homes-inc-reports-2026-second-quarter-results.html
Tri Pointe,company press release (company website),investors.tripointehomes.com,https://investors.tripointehomes.com/newsroom/press-release-details/2026/Tri-Pointe-Homes-Inc--Reports-2025-Fourth-Quarter-and-Full-Year-Results/default.aspx
Beazer Homes,company press release (republished by third party),stocktitan.net,https://www.stocktitan.net/news/BZH/beazer-homes-reports-third-quarter-fiscal-2026-9q5vkwjc17j6.html
Beazer Homes,company press release (company website),ir.beazer.com,https://ir.beazer.com/news-releases/news-release-details/beazer-homes-reports-fourth-quarter-and-full-fiscal-2025-results
