state	homes	with deed price	average deed price	homes with price and list price	median MRP vs last list %	mean MRP vs last list %	homes with days listed	median days listed	MRP vs comps % (aggregate)	homes with asking rent	average asking rent	average gross yield %	ours: homes	ours: with deed price	ours: average deed price	ours: homes with price and list price	ours: median MRP vs last list %	ours: mean MRP vs last list %	ours: homes with days listed	ours: median days listed	ours: MRP vs comps % (aggregate)	ours: homes with asking rent	ours: average asking rent	ours: average gross yield %	check (0 = match)
TX	=SUMPRODUCT((homes!$A$2:$A$1046=$A2)*1)	=SUMPRODUCT((homes!$A$2:$A$1046=$A2)*ISNUMBER(homes!$G$2:$G$1046))	=IFERROR(SUMPRODUCT((homes!$A$2:$A$1046=$A2)*ISNUMBER(homes!$G$2:$G$1046),homes!$G$2:$G$1046)/C2,"")	=SUMPRODUCT((homes!$A$2:$A$1046=$A2)*ISNUMBER(homes!$L$2:$L$1046))	=IFERROR(AGGREGATE(17,6,homes!$L$2:$L$1046/((homes!$A$2:$A$1046=$A2)*ISNUMBER(homes!$L$2:$L$1046)),2),"")	=IFERROR(SUMPRODUCT((homes!$A$2:$A$1046=$A2)*ISNUMBER(homes!$L$2:$L$1046),homes!$L$2:$L$1046)/E2,"")	=SUMPRODUCT((homes!$A$2:$A$1046=$A2)*ISNUMBER(homes!$M$2:$M$1046))	=IFERROR(AGGREGATE(17,6,homes!$M$2:$M$1046/((homes!$A$2:$A$1046=$A2)*ISNUMBER(homes!$M$2:$M$1046)),2),"")	=IFERROR(100*(SUMPRODUCT((homes!$A$2:$A$1046=$A2)*ISNUMBER(homes!$G$2:$G$1046)*ISNUMBER(homes!$J$2:$J$1046),homes!$G$2:$G$1046)/SUMPRODUCT((homes!$A$2:$A$1046=$A2)*ISNUMBER(homes!$G$2:$G$1046)*ISNUMBER(homes!$J$2:$J$1046),homes!$J$2:$J$1046)-1),"")	=SUMPRODUCT((homes!$A$2:$A$1046=$A2)*ISNUMBER(homes!$K$2:$K$1046))	=IFERROR(SUMPRODUCT((homes!$A$2:$A$1046=$A2)*ISNUMBER(homes!$K$2:$K$1046),homes!$K$2:$K$1046)/K2,"")	=IFERROR(SUMPRODUCT((homes!$A$2:$A$1046=$A2)*ISNUMBER(homes!$N$2:$N$1046),homes!$N$2:$N$1046)/SUMPRODUCT((homes!$A$2:$A$1046=$A2)*ISNUMBER(homes!$N$2:$N$1046)),"")	340	0		0			55	106		327	1679		=ROUND(IF(OR(B2="",N2=""),0,ABS(B2-N2)*(ABS(B2-N2)>0.6))+IF(OR(C2="",O2=""),0,ABS(C2-O2)*(ABS(C2-O2)>0.6))+IF(OR(D2="",P2=""),0,ABS(D2-P2)*(ABS(D2-P2)>0.6))+IF(OR(E2="",Q2=""),0,ABS(E2-Q2)*(ABS(E2-Q2)>0.6))+IF(OR(F2="",R2=""),0,ABS(F2-R2)*(ABS(F2-R2)>0.6))+IF(OR(G2="",S2=""),0,ABS(G2-S2)*(ABS(G2-S2)>0.6))+IF(OR(H2="",T2=""),0,ABS(H2-T2)*(ABS(H2-T2)>0.6))+IF(OR(I2="",U2=""),0,ABS(I2-U2)*(ABS(I2-U2)>0.6))+IF(OR(J2="",V2=""),0,ABS(J2-V2)*(ABS(J2-V2)>0.6))+IF(OR(K2="",W2=""),0,ABS(K2-W2)*(ABS(K2-W2)>0.6))+IF(OR(L2="",X2=""),0,ABS(L2-X2)*(ABS(L2-X2)>0.6))+IF(OR(M2="",Y2=""),0,ABS(M2-Y2)*(ABS(M2-Y2)>0.6)),0)
FL	=SUMPRODUCT((homes!$A$2:$A$1046=$A3)*1)	=SUMPRODUCT((homes!$A$2:$A$1046=$A3)*ISNUMBER(homes!$G$2:$G$1046))	=IFERROR(SUMPRODUCT((homes!$A$2:$A$1046=$A3)*ISNUMBER(homes!$G$2:$G$1046),homes!$G$2:$G$1046)/C3,"")	=SUMPRODUCT((homes!$A$2:$A$1046=$A3)*ISNUMBER(homes!$L$2:$L$1046))	=IFERROR(AGGREGATE(17,6,homes!$L$2:$L$1046/((homes!$A$2:$A$1046=$A3)*ISNUMBER(homes!$L$2:$L$1046)),2),"")	=IFERROR(SUMPRODUCT((homes!$A$2:$A$1046=$A3)*ISNUMBER(homes!$L$2:$L$1046),homes!$L$2:$L$1046)/E3,"")	=SUMPRODUCT((homes!$A$2:$A$1046=$A3)*ISNUMBER(homes!$M$2:$M$1046))	=IFERROR(AGGREGATE(17,6,homes!$M$2:$M$1046/((homes!$A$2:$A$1046=$A3)*ISNUMBER(homes!$M$2:$M$1046)),2),"")	=IFERROR(100*(SUMPRODUCT((homes!$A$2:$A$1046=$A3)*ISNUMBER(homes!$G$2:$G$1046)*ISNUMBER(homes!$J$2:$J$1046),homes!$G$2:$G$1046)/SUMPRODUCT((homes!$A$2:$A$1046=$A3)*ISNUMBER(homes!$G$2:$G$1046)*ISNUMBER(homes!$J$2:$J$1046),homes!$J$2:$J$1046)-1),"")	=SUMPRODUCT((homes!$A$2:$A$1046=$A3)*ISNUMBER(homes!$K$2:$K$1046))	=IFERROR(SUMPRODUCT((homes!$A$2:$A$1046=$A3)*ISNUMBER(homes!$K$2:$K$1046),homes!$K$2:$K$1046)/K3,"")	=IFERROR(SUMPRODUCT((homes!$A$2:$A$1046=$A3)*ISNUMBER(homes!$N$2:$N$1046),homes!$N$2:$N$1046)/SUMPRODUCT((homes!$A$2:$A$1046=$A3)*ISNUMBER(homes!$N$2:$N$1046)),"")	142	142	280069	74	-4.3	-3.8	69	68	-3.2	139	2012	8.66	=ROUND(IF(OR(B3="",N3=""),0,ABS(B3-N3)*(ABS(B3-N3)>0.6))+IF(OR(C3="",O3=""),0,ABS(C3-O3)*(ABS(C3-O3)>0.6))+IF(OR(D3="",P3=""),0,ABS(D3-P3)*(ABS(D3-P3)>0.6))+IF(OR(E3="",Q3=""),0,ABS(E3-Q3)*(ABS(E3-Q3)>0.6))+IF(OR(F3="",R3=""),0,ABS(F3-R3)*(ABS(F3-R3)>0.6))+IF(OR(G3="",S3=""),0,ABS(G3-S3)*(ABS(G3-S3)>0.6))+IF(OR(H3="",T3=""),0,ABS(H3-T3)*(ABS(H3-T3)>0.6))+IF(OR(I3="",U3=""),0,ABS(I3-U3)*(ABS(I3-U3)>0.6))+IF(OR(J3="",V3=""),0,ABS(J3-V3)*(ABS(J3-V3)>0.6))+IF(OR(K3="",W3=""),0,ABS(K3-W3)*(ABS(K3-W3)>0.6))+IF(OR(L3="",X3=""),0,ABS(L3-X3)*(ABS(L3-X3)>0.6))+IF(OR(M3="",Y3=""),0,ABS(M3-Y3)*(ABS(M3-Y3)>0.6)),0)
SC	=SUMPRODUCT((homes!$A$2:$A$1046=$A4)*1)	=SUMPRODUCT((homes!$A$2:$A$1046=$A4)*ISNUMBER(homes!$G$2:$G$1046))	=IFERROR(SUMPRODUCT((homes!$A$2:$A$1046=$A4)*ISNUMBER(homes!$G$2:$G$1046),homes!$G$2:$G$1046)/C4,"")	=SUMPRODUCT((homes!$A$2:$A$1046=$A4)*ISNUMBER(homes!$L$2:$L$1046))	=IFERROR(AGGREGATE(17,6,homes!$L$2:$L$1046/((homes!$A$2:$A$1046=$A4)*ISNUMBER(homes!$L$2:$L$1046)),2),"")	=IFERROR(SUMPRODUCT((homes!$A$2:$A$1046=$A4)*ISNUMBER(homes!$L$2:$L$1046),homes!$L$2:$L$1046)/E4,"")	=SUMPRODUCT((homes!$A$2:$A$1046=$A4)*ISNUMBER(homes!$M$2:$M$1046))	=IFERROR(AGGREGATE(17,6,homes!$M$2:$M$1046/((homes!$A$2:$A$1046=$A4)*ISNUMBER(homes!$M$2:$M$1046)),2),"")	=IFERROR(100*(SUMPRODUCT((homes!$A$2:$A$1046=$A4)*ISNUMBER(homes!$G$2:$G$1046)*ISNUMBER(homes!$J$2:$J$1046),homes!$G$2:$G$1046)/SUMPRODUCT((homes!$A$2:$A$1046=$A4)*ISNUMBER(homes!$G$2:$G$1046)*ISNUMBER(homes!$J$2:$J$1046),homes!$J$2:$J$1046)-1),"")	=SUMPRODUCT((homes!$A$2:$A$1046=$A4)*ISNUMBER(homes!$K$2:$K$1046))	=IFERROR(SUMPRODUCT((homes!$A$2:$A$1046=$A4)*ISNUMBER(homes!$K$2:$K$1046),homes!$K$2:$K$1046)/K4,"")	=IFERROR(SUMPRODUCT((homes!$A$2:$A$1046=$A4)*ISNUMBER(homes!$N$2:$N$1046),homes!$N$2:$N$1046)/SUMPRODUCT((homes!$A$2:$A$1046=$A4)*ISNUMBER(homes!$N$2:$N$1046)),"")	128	102	265011	51	-2.4	-1.1	21	95	-0.2	128	1973	9.09	=ROUND(IF(OR(B4="",N4=""),0,ABS(B4-N4)*(ABS(B4-N4)>0.6))+IF(OR(C4="",O4=""),0,ABS(C4-O4)*(ABS(C4-O4)>0.6))+IF(OR(D4="",P4=""),0,ABS(D4-P4)*(ABS(D4-P4)>0.6))+IF(OR(E4="",Q4=""),0,ABS(E4-Q4)*(ABS(E4-Q4)>0.6))+IF(OR(F4="",R4=""),0,ABS(F4-R4)*(ABS(F4-R4)>0.6))+IF(OR(G4="",S4=""),0,ABS(G4-S4)*(ABS(G4-S4)>0.6))+IF(OR(H4="",T4=""),0,ABS(H4-T4)*(ABS(H4-T4)>0.6))+IF(OR(I4="",U4=""),0,ABS(I4-U4)*(ABS(I4-U4)>0.6))+IF(OR(J4="",V4=""),0,ABS(J4-V4)*(ABS(J4-V4)>0.6))+IF(OR(K4="",W4=""),0,ABS(K4-W4)*(ABS(K4-W4)>0.6))+IF(OR(L4="",X4=""),0,ABS(L4-X4)*(ABS(L4-X4)>0.6))+IF(OR(M4="",Y4=""),0,ABS(M4-Y4)*(ABS(M4-Y4)>0.6)),0)
NC	=SUMPRODUCT((homes!$A$2:$A$1046=$A5)*1)	=SUMPRODUCT((homes!$A$2:$A$1046=$A5)*ISNUMBER(homes!$G$2:$G$1046))	=IFERROR(SUMPRODUCT((homes!$A$2:$A$1046=$A5)*ISNUMBER(homes!$G$2:$G$1046),homes!$G$2:$G$1046)/C5,"")	=SUMPRODUCT((homes!$A$2:$A$1046=$A5)*ISNUMBER(homes!$L$2:$L$1046))	=IFERROR(AGGREGATE(17,6,homes!$L$2:$L$1046/((homes!$A$2:$A$1046=$A5)*ISNUMBER(homes!$L$2:$L$1046)),2),"")	=IFERROR(SUMPRODUCT((homes!$A$2:$A$1046=$A5)*ISNUMBER(homes!$L$2:$L$1046),homes!$L$2:$L$1046)/E5,"")	=SUMPRODUCT((homes!$A$2:$A$1046=$A5)*ISNUMBER(homes!$M$2:$M$1046))	=IFERROR(AGGREGATE(17,6,homes!$M$2:$M$1046/((homes!$A$2:$A$1046=$A5)*ISNUMBER(homes!$M$2:$M$1046)),2),"")	=IFERROR(100*(SUMPRODUCT((homes!$A$2:$A$1046=$A5)*ISNUMBER(homes!$G$2:$G$1046)*ISNUMBER(homes!$J$2:$J$1046),homes!$G$2:$G$1046)/SUMPRODUCT((homes!$A$2:$A$1046=$A5)*ISNUMBER(homes!$G$2:$G$1046)*ISNUMBER(homes!$J$2:$J$1046),homes!$J$2:$J$1046)-1),"")	=SUMPRODUCT((homes!$A$2:$A$1046=$A5)*ISNUMBER(homes!$K$2:$K$1046))	=IFERROR(SUMPRODUCT((homes!$A$2:$A$1046=$A5)*ISNUMBER(homes!$K$2:$K$1046),homes!$K$2:$K$1046)/K5,"")	=IFERROR(SUMPRODUCT((homes!$A$2:$A$1046=$A5)*ISNUMBER(homes!$N$2:$N$1046),homes!$N$2:$N$1046)/SUMPRODUCT((homes!$A$2:$A$1046=$A5)*ISNUMBER(homes!$N$2:$N$1046)),"")	93	82	326573	48	-1.8	-1.8	49	79	-0.1	93	1971	7.36	=ROUND(IF(OR(B5="",N5=""),0,ABS(B5-N5)*(ABS(B5-N5)>0.6))+IF(OR(C5="",O5=""),0,ABS(C5-O5)*(ABS(C5-O5)>0.6))+IF(OR(D5="",P5=""),0,ABS(D5-P5)*(ABS(D5-P5)>0.6))+IF(OR(E5="",Q5=""),0,ABS(E5-Q5)*(ABS(E5-Q5)>0.6))+IF(OR(F5="",R5=""),0,ABS(F5-R5)*(ABS(F5-R5)>0.6))+IF(OR(G5="",S5=""),0,ABS(G5-S5)*(ABS(G5-S5)>0.6))+IF(OR(H5="",T5=""),0,ABS(H5-T5)*(ABS(H5-T5)>0.6))+IF(OR(I5="",U5=""),0,ABS(I5-U5)*(ABS(I5-U5)>0.6))+IF(OR(J5="",V5=""),0,ABS(J5-V5)*(ABS(J5-V5)>0.6))+IF(OR(K5="",W5=""),0,ABS(K5-W5)*(ABS(K5-W5)>0.6))+IF(OR(L5="",X5=""),0,ABS(L5-X5)*(ABS(L5-X5)>0.6))+IF(OR(M5="",Y5=""),0,ABS(M5-Y5)*(ABS(M5-Y5)>0.6)),0)
AR	=SUMPRODUCT((homes!$A$2:$A$1046=$A6)*1)	=SUMPRODUCT((homes!$A$2:$A$1046=$A6)*ISNUMBER(homes!$G$2:$G$1046))	=IFERROR(SUMPRODUCT((homes!$A$2:$A$1046=$A6)*ISNUMBER(homes!$G$2:$G$1046),homes!$G$2:$G$1046)/C6,"")	=SUMPRODUCT((homes!$A$2:$A$1046=$A6)*ISNUMBER(homes!$L$2:$L$1046))	=IFERROR(AGGREGATE(17,6,homes!$L$2:$L$1046/((homes!$A$2:$A$1046=$A6)*ISNUMBER(homes!$L$2:$L$1046)),2),"")	=IFERROR(SUMPRODUCT((homes!$A$2:$A$1046=$A6)*ISNUMBER(homes!$L$2:$L$1046),homes!$L$2:$L$1046)/E6,"")	=SUMPRODUCT((homes!$A$2:$A$1046=$A6)*ISNUMBER(homes!$M$2:$M$1046))	=IFERROR(AGGREGATE(17,6,homes!$M$2:$M$1046/((homes!$A$2:$A$1046=$A6)*ISNUMBER(homes!$M$2:$M$1046)),2),"")	=IFERROR(100*(SUMPRODUCT((homes!$A$2:$A$1046=$A6)*ISNUMBER(homes!$G$2:$G$1046)*ISNUMBER(homes!$J$2:$J$1046),homes!$G$2:$G$1046)/SUMPRODUCT((homes!$A$2:$A$1046=$A6)*ISNUMBER(homes!$G$2:$G$1046)*ISNUMBER(homes!$J$2:$J$1046),homes!$J$2:$J$1046)-1),"")	=SUMPRODUCT((homes!$A$2:$A$1046=$A6)*ISNUMBER(homes!$K$2:$K$1046))	=IFERROR(SUMPRODUCT((homes!$A$2:$A$1046=$A6)*ISNUMBER(homes!$K$2:$K$1046),homes!$K$2:$K$1046)/K6,"")	=IFERROR(SUMPRODUCT((homes!$A$2:$A$1046=$A6)*ISNUMBER(homes!$N$2:$N$1046),homes!$N$2:$N$1046)/SUMPRODUCT((homes!$A$2:$A$1046=$A6)*ISNUMBER(homes!$N$2:$N$1046)),"")	74	73	228447	54	-5.8	-5.2	47	86	4.0	59	1497	7.9	=ROUND(IF(OR(B6="",N6=""),0,ABS(B6-N6)*(ABS(B6-N6)>0.6))+IF(OR(C6="",O6=""),0,ABS(C6-O6)*(ABS(C6-O6)>0.6))+IF(OR(D6="",P6=""),0,ABS(D6-P6)*(ABS(D6-P6)>0.6))+IF(OR(E6="",Q6=""),0,ABS(E6-Q6)*(ABS(E6-Q6)>0.6))+IF(OR(F6="",R6=""),0,ABS(F6-R6)*(ABS(F6-R6)>0.6))+IF(OR(G6="",S6=""),0,ABS(G6-S6)*(ABS(G6-S6)>0.6))+IF(OR(H6="",T6=""),0,ABS(H6-T6)*(ABS(H6-T6)>0.6))+IF(OR(I6="",U6=""),0,ABS(I6-U6)*(ABS(I6-U6)>0.6))+IF(OR(J6="",V6=""),0,ABS(J6-V6)*(ABS(J6-V6)>0.6))+IF(OR(K6="",W6=""),0,ABS(K6-W6)*(ABS(K6-W6)>0.6))+IF(OR(L6="",X6=""),0,ABS(L6-X6)*(ABS(L6-X6)>0.6))+IF(OR(M6="",Y6=""),0,ABS(M6-Y6)*(ABS(M6-Y6)>0.6)),0)
OK	=SUMPRODUCT((homes!$A$2:$A$1046=$A7)*1)	=SUMPRODUCT((homes!$A$2:$A$1046=$A7)*ISNUMBER(homes!$G$2:$G$1046))	=IFERROR(SUMPRODUCT((homes!$A$2:$A$1046=$A7)*ISNUMBER(homes!$G$2:$G$1046),homes!$G$2:$G$1046)/C7,"")	=SUMPRODUCT((homes!$A$2:$A$1046=$A7)*ISNUMBER(homes!$L$2:$L$1046))	=IFERROR(AGGREGATE(17,6,homes!$L$2:$L$1046/((homes!$A$2:$A$1046=$A7)*ISNUMBER(homes!$L$2:$L$1046)),2),"")	=IFERROR(SUMPRODUCT((homes!$A$2:$A$1046=$A7)*ISNUMBER(homes!$L$2:$L$1046),homes!$L$2:$L$1046)/E7,"")	=SUMPRODUCT((homes!$A$2:$A$1046=$A7)*ISNUMBER(homes!$M$2:$M$1046))	=IFERROR(AGGREGATE(17,6,homes!$M$2:$M$1046/((homes!$A$2:$A$1046=$A7)*ISNUMBER(homes!$M$2:$M$1046)),2),"")	=IFERROR(100*(SUMPRODUCT((homes!$A$2:$A$1046=$A7)*ISNUMBER(homes!$G$2:$G$1046)*ISNUMBER(homes!$J$2:$J$1046),homes!$G$2:$G$1046)/SUMPRODUCT((homes!$A$2:$A$1046=$A7)*ISNUMBER(homes!$G$2:$G$1046)*ISNUMBER(homes!$J$2:$J$1046),homes!$J$2:$J$1046)-1),"")	=SUMPRODUCT((homes!$A$2:$A$1046=$A7)*ISNUMBER(homes!$K$2:$K$1046))	=IFERROR(SUMPRODUCT((homes!$A$2:$A$1046=$A7)*ISNUMBER(homes!$K$2:$K$1046),homes!$K$2:$K$1046)/K7,"")	=IFERROR(SUMPRODUCT((homes!$A$2:$A$1046=$A7)*ISNUMBER(homes!$N$2:$N$1046),homes!$N$2:$N$1046)/SUMPRODUCT((homes!$A$2:$A$1046=$A7)*ISNUMBER(homes!$N$2:$N$1046)),"")	71	71	217036	25	-3.0	-2.9	24	128.0	-2.1	52	1594	8.47	=ROUND(IF(OR(B7="",N7=""),0,ABS(B7-N7)*(ABS(B7-N7)>0.6))+IF(OR(C7="",O7=""),0,ABS(C7-O7)*(ABS(C7-O7)>0.6))+IF(OR(D7="",P7=""),0,ABS(D7-P7)*(ABS(D7-P7)>0.6))+IF(OR(E7="",Q7=""),0,ABS(E7-Q7)*(ABS(E7-Q7)>0.6))+IF(OR(F7="",R7=""),0,ABS(F7-R7)*(ABS(F7-R7)>0.6))+IF(OR(G7="",S7=""),0,ABS(G7-S7)*(ABS(G7-S7)>0.6))+IF(OR(H7="",T7=""),0,ABS(H7-T7)*(ABS(H7-T7)>0.6))+IF(OR(I7="",U7=""),0,ABS(I7-U7)*(ABS(I7-U7)>0.6))+IF(OR(J7="",V7=""),0,ABS(J7-V7)*(ABS(J7-V7)>0.6))+IF(OR(K7="",W7=""),0,ABS(K7-W7)*(ABS(K7-W7)>0.6))+IF(OR(L7="",X7=""),0,ABS(L7-X7)*(ABS(L7-X7)>0.6))+IF(OR(M7="",Y7=""),0,ABS(M7-Y7)*(ABS(M7-Y7)>0.6)),0)
AL	=SUMPRODUCT((homes!$A$2:$A$1046=$A8)*1)	=SUMPRODUCT((homes!$A$2:$A$1046=$A8)*ISNUMBER(homes!$G$2:$G$1046))	=IFERROR(SUMPRODUCT((homes!$A$2:$A$1046=$A8)*ISNUMBER(homes!$G$2:$G$1046),homes!$G$2:$G$1046)/C8,"")	=SUMPRODUCT((homes!$A$2:$A$1046=$A8)*ISNUMBER(homes!$L$2:$L$1046))	=IFERROR(AGGREGATE(17,6,homes!$L$2:$L$1046/((homes!$A$2:$A$1046=$A8)*ISNUMBER(homes!$L$2:$L$1046)),2),"")	=IFERROR(SUMPRODUCT((homes!$A$2:$A$1046=$A8)*ISNUMBER(homes!$L$2:$L$1046),homes!$L$2:$L$1046)/E8,"")	=SUMPRODUCT((homes!$A$2:$A$1046=$A8)*ISNUMBER(homes!$M$2:$M$1046))	=IFERROR(AGGREGATE(17,6,homes!$M$2:$M$1046/((homes!$A$2:$A$1046=$A8)*ISNUMBER(homes!$M$2:$M$1046)),2),"")	=IFERROR(100*(SUMPRODUCT((homes!$A$2:$A$1046=$A8)*ISNUMBER(homes!$G$2:$G$1046)*ISNUMBER(homes!$J$2:$J$1046),homes!$G$2:$G$1046)/SUMPRODUCT((homes!$A$2:$A$1046=$A8)*ISNUMBER(homes!$G$2:$G$1046)*ISNUMBER(homes!$J$2:$J$1046),homes!$J$2:$J$1046)-1),"")	=SUMPRODUCT((homes!$A$2:$A$1046=$A8)*ISNUMBER(homes!$K$2:$K$1046))	=IFERROR(SUMPRODUCT((homes!$A$2:$A$1046=$A8)*ISNUMBER(homes!$K$2:$K$1046),homes!$K$2:$K$1046)/K8,"")	=IFERROR(SUMPRODUCT((homes!$A$2:$A$1046=$A8)*ISNUMBER(homes!$N$2:$N$1046),homes!$N$2:$N$1046)/SUMPRODUCT((homes!$A$2:$A$1046=$A8)*ISNUMBER(homes!$N$2:$N$1046)),"")	62	3	322554	1	-12.2	-12.2	13	67	5.1	55	1790	7.67	=ROUND(IF(OR(B8="",N8=""),0,ABS(B8-N8)*(ABS(B8-N8)>0.6))+IF(OR(C8="",O8=""),0,ABS(C8-O8)*(ABS(C8-O8)>0.6))+IF(OR(D8="",P8=""),0,ABS(D8-P8)*(ABS(D8-P8)>0.6))+IF(OR(E8="",Q8=""),0,ABS(E8-Q8)*(ABS(E8-Q8)>0.6))+IF(OR(F8="",R8=""),0,ABS(F8-R8)*(ABS(F8-R8)>0.6))+IF(OR(G8="",S8=""),0,ABS(G8-S8)*(ABS(G8-S8)>0.6))+IF(OR(H8="",T8=""),0,ABS(H8-T8)*(ABS(H8-T8)>0.6))+IF(OR(I8="",U8=""),0,ABS(I8-U8)*(ABS(I8-U8)>0.6))+IF(OR(J8="",V8=""),0,ABS(J8-V8)*(ABS(J8-V8)>0.6))+IF(OR(K8="",W8=""),0,ABS(K8-W8)*(ABS(K8-W8)>0.6))+IF(OR(L8="",X8=""),0,ABS(L8-X8)*(ABS(L8-X8)>0.6))+IF(OR(M8="",Y8=""),0,ABS(M8-Y8)*(ABS(M8-Y8)>0.6)),0)
GA	=SUMPRODUCT((homes!$A$2:$A$1046=$A9)*1)	=SUMPRODUCT((homes!$A$2:$A$1046=$A9)*ISNUMBER(homes!$G$2:$G$1046))	=IFERROR(SUMPRODUCT((homes!$A$2:$A$1046=$A9)*ISNUMBER(homes!$G$2:$G$1046),homes!$G$2:$G$1046)/C9,"")	=SUMPRODUCT((homes!$A$2:$A$1046=$A9)*ISNUMBER(homes!$L$2:$L$1046))	=IFERROR(AGGREGATE(17,6,homes!$L$2:$L$1046/((homes!$A$2:$A$1046=$A9)*ISNUMBER(homes!$L$2:$L$1046)),2),"")	=IFERROR(SUMPRODUCT((homes!$A$2:$A$1046=$A9)*ISNUMBER(homes!$L$2:$L$1046),homes!$L$2:$L$1046)/E9,"")	=SUMPRODUCT((homes!$A$2:$A$1046=$A9)*ISNUMBER(homes!$M$2:$M$1046))	=IFERROR(AGGREGATE(17,6,homes!$M$2:$M$1046/((homes!$A$2:$A$1046=$A9)*ISNUMBER(homes!$M$2:$M$1046)),2),"")	=IFERROR(100*(SUMPRODUCT((homes!$A$2:$A$1046=$A9)*ISNUMBER(homes!$G$2:$G$1046)*ISNUMBER(homes!$J$2:$J$1046),homes!$G$2:$G$1046)/SUMPRODUCT((homes!$A$2:$A$1046=$A9)*ISNUMBER(homes!$G$2:$G$1046)*ISNUMBER(homes!$J$2:$J$1046),homes!$J$2:$J$1046)-1),"")	=SUMPRODUCT((homes!$A$2:$A$1046=$A9)*ISNUMBER(homes!$K$2:$K$1046))	=IFERROR(SUMPRODUCT((homes!$A$2:$A$1046=$A9)*ISNUMBER(homes!$K$2:$K$1046),homes!$K$2:$K$1046)/K9,"")	=IFERROR(SUMPRODUCT((homes!$A$2:$A$1046=$A9)*ISNUMBER(homes!$N$2:$N$1046),homes!$N$2:$N$1046)/SUMPRODUCT((homes!$A$2:$A$1046=$A9)*ISNUMBER(homes!$N$2:$N$1046)),"")	55	23	343357	8	-0.2	-1.7	31	58	6.1	55	2094	7.58	=ROUND(IF(OR(B9="",N9=""),0,ABS(B9-N9)*(ABS(B9-N9)>0.6))+IF(OR(C9="",O9=""),0,ABS(C9-O9)*(ABS(C9-O9)>0.6))+IF(OR(D9="",P9=""),0,ABS(D9-P9)*(ABS(D9-P9)>0.6))+IF(OR(E9="",Q9=""),0,ABS(E9-Q9)*(ABS(E9-Q9)>0.6))+IF(OR(F9="",R9=""),0,ABS(F9-R9)*(ABS(F9-R9)>0.6))+IF(OR(G9="",S9=""),0,ABS(G9-S9)*(ABS(G9-S9)>0.6))+IF(OR(H9="",T9=""),0,ABS(H9-T9)*(ABS(H9-T9)>0.6))+IF(OR(I9="",U9=""),0,ABS(I9-U9)*(ABS(I9-U9)>0.6))+IF(OR(J9="",V9=""),0,ABS(J9-V9)*(ABS(J9-V9)>0.6))+IF(OR(K9="",W9=""),0,ABS(K9-W9)*(ABS(K9-W9)>0.6))+IF(OR(L9="",X9=""),0,ABS(L9-X9)*(ABS(L9-X9)>0.6))+IF(OR(M9="",Y9=""),0,ABS(M9-Y9)*(ABS(M9-Y9)>0.6)),0)
TN	=SUMPRODUCT((homes!$A$2:$A$1046=$A10)*1)	=SUMPRODUCT((homes!$A$2:$A$1046=$A10)*ISNUMBER(homes!$G$2:$G$1046))	=IFERROR(SUMPRODUCT((homes!$A$2:$A$1046=$A10)*ISNUMBER(homes!$G$2:$G$1046),homes!$G$2:$G$1046)/C10,"")	=SUMPRODUCT((homes!$A$2:$A$1046=$A10)*ISNUMBER(homes!$L$2:$L$1046))	=IFERROR(AGGREGATE(17,6,homes!$L$2:$L$1046/((homes!$A$2:$A$1046=$A10)*ISNUMBER(homes!$L$2:$L$1046)),2),"")	=IFERROR(SUMPRODUCT((homes!$A$2:$A$1046=$A10)*ISNUMBER(homes!$L$2:$L$1046),homes!$L$2:$L$1046)/E10,"")	=SUMPRODUCT((homes!$A$2:$A$1046=$A10)*ISNUMBER(homes!$M$2:$M$1046))	=IFERROR(AGGREGATE(17,6,homes!$M$2:$M$1046/((homes!$A$2:$A$1046=$A10)*ISNUMBER(homes!$M$2:$M$1046)),2),"")	=IFERROR(100*(SUMPRODUCT((homes!$A$2:$A$1046=$A10)*ISNUMBER(homes!$G$2:$G$1046)*ISNUMBER(homes!$J$2:$J$1046),homes!$G$2:$G$1046)/SUMPRODUCT((homes!$A$2:$A$1046=$A10)*ISNUMBER(homes!$G$2:$G$1046)*ISNUMBER(homes!$J$2:$J$1046),homes!$J$2:$J$1046)-1),"")	=SUMPRODUCT((homes!$A$2:$A$1046=$A10)*ISNUMBER(homes!$K$2:$K$1046))	=IFERROR(SUMPRODUCT((homes!$A$2:$A$1046=$A10)*ISNUMBER(homes!$K$2:$K$1046),homes!$K$2:$K$1046)/K10,"")	=IFERROR(SUMPRODUCT((homes!$A$2:$A$1046=$A10)*ISNUMBER(homes!$N$2:$N$1046),homes!$N$2:$N$1046)/SUMPRODUCT((homes!$A$2:$A$1046=$A10)*ISNUMBER(homes!$N$2:$N$1046)),"")	25	24	363123	21	-1.7	-0.6	21	68	-0.2	25	2023	6.77	=ROUND(IF(OR(B10="",N10=""),0,ABS(B10-N10)*(ABS(B10-N10)>0.6))+IF(OR(C10="",O10=""),0,ABS(C10-O10)*(ABS(C10-O10)>0.6))+IF(OR(D10="",P10=""),0,ABS(D10-P10)*(ABS(D10-P10)>0.6))+IF(OR(E10="",Q10=""),0,ABS(E10-Q10)*(ABS(E10-Q10)>0.6))+IF(OR(F10="",R10=""),0,ABS(F10-R10)*(ABS(F10-R10)>0.6))+IF(OR(G10="",S10=""),0,ABS(G10-S10)*(ABS(G10-S10)>0.6))+IF(OR(H10="",T10=""),0,ABS(H10-T10)*(ABS(H10-T10)>0.6))+IF(OR(I10="",U10=""),0,ABS(I10-U10)*(ABS(I10-U10)>0.6))+IF(OR(J10="",V10=""),0,ABS(J10-V10)*(ABS(J10-V10)>0.6))+IF(OR(K10="",W10=""),0,ABS(K10-W10)*(ABS(K10-W10)>0.6))+IF(OR(L10="",X10=""),0,ABS(L10-X10)*(ABS(L10-X10)>0.6))+IF(OR(M10="",Y10=""),0,ABS(M10-Y10)*(ABS(M10-Y10)>0.6)),0)
MN	=SUMPRODUCT((homes!$A$2:$A$1046=$A11)*1)	=SUMPRODUCT((homes!$A$2:$A$1046=$A11)*ISNUMBER(homes!$G$2:$G$1046))	=IFERROR(SUMPRODUCT((homes!$A$2:$A$1046=$A11)*ISNUMBER(homes!$G$2:$G$1046),homes!$G$2:$G$1046)/C11,"")	=SUMPRODUCT((homes!$A$2:$A$1046=$A11)*ISNUMBER(homes!$L$2:$L$1046))	=IFERROR(AGGREGATE(17,6,homes!$L$2:$L$1046/((homes!$A$2:$A$1046=$A11)*ISNUMBER(homes!$L$2:$L$1046)),2),"")	=IFERROR(SUMPRODUCT((homes!$A$2:$A$1046=$A11)*ISNUMBER(homes!$L$2:$L$1046),homes!$L$2:$L$1046)/E11,"")	=SUMPRODUCT((homes!$A$2:$A$1046=$A11)*ISNUMBER(homes!$M$2:$M$1046))	=IFERROR(AGGREGATE(17,6,homes!$M$2:$M$1046/((homes!$A$2:$A$1046=$A11)*ISNUMBER(homes!$M$2:$M$1046)),2),"")	=IFERROR(100*(SUMPRODUCT((homes!$A$2:$A$1046=$A11)*ISNUMBER(homes!$G$2:$G$1046)*ISNUMBER(homes!$J$2:$J$1046),homes!$G$2:$G$1046)/SUMPRODUCT((homes!$A$2:$A$1046=$A11)*ISNUMBER(homes!$G$2:$G$1046)*ISNUMBER(homes!$J$2:$J$1046),homes!$J$2:$J$1046)-1),"")	=SUMPRODUCT((homes!$A$2:$A$1046=$A11)*ISNUMBER(homes!$K$2:$K$1046))	=IFERROR(SUMPRODUCT((homes!$A$2:$A$1046=$A11)*ISNUMBER(homes!$K$2:$K$1046),homes!$K$2:$K$1046)/K11,"")	=IFERROR(SUMPRODUCT((homes!$A$2:$A$1046=$A11)*ISNUMBER(homes!$N$2:$N$1046),homes!$N$2:$N$1046)/SUMPRODUCT((homes!$A$2:$A$1046=$A11)*ISNUMBER(homes!$N$2:$N$1046)),"")	17	17	415528	14	-2.8	-2.5	0		7.0	17	2591	7.6	=ROUND(IF(OR(B11="",N11=""),0,ABS(B11-N11)*(ABS(B11-N11)>0.6))+IF(OR(C11="",O11=""),0,ABS(C11-O11)*(ABS(C11-O11)>0.6))+IF(OR(D11="",P11=""),0,ABS(D11-P11)*(ABS(D11-P11)>0.6))+IF(OR(E11="",Q11=""),0,ABS(E11-Q11)*(ABS(E11-Q11)>0.6))+IF(OR(F11="",R11=""),0,ABS(F11-R11)*(ABS(F11-R11)>0.6))+IF(OR(G11="",S11=""),0,ABS(G11-S11)*(ABS(G11-S11)>0.6))+IF(OR(H11="",T11=""),0,ABS(H11-T11)*(ABS(H11-T11)>0.6))+IF(OR(I11="",U11=""),0,ABS(I11-U11)*(ABS(I11-U11)>0.6))+IF(OR(J11="",V11=""),0,ABS(J11-V11)*(ABS(J11-V11)>0.6))+IF(OR(K11="",W11=""),0,ABS(K11-W11)*(ABS(K11-W11)>0.6))+IF(OR(L11="",X11=""),0,ABS(L11-X11)*(ABS(L11-X11)>0.6))+IF(OR(M11="",Y11=""),0,ABS(M11-Y11)*(ABS(M11-Y11)>0.6)),0)
DE	=SUMPRODUCT((homes!$A$2:$A$1046=$A12)*1)	=SUMPRODUCT((homes!$A$2:$A$1046=$A12)*ISNUMBER(homes!$G$2:$G$1046))	=IFERROR(SUMPRODUCT((homes!$A$2:$A$1046=$A12)*ISNUMBER(homes!$G$2:$G$1046),homes!$G$2:$G$1046)/C12,"")	=SUMPRODUCT((homes!$A$2:$A$1046=$A12)*ISNUMBER(homes!$L$2:$L$1046))	=IFERROR(AGGREGATE(17,6,homes!$L$2:$L$1046/((homes!$A$2:$A$1046=$A12)*ISNUMBER(homes!$L$2:$L$1046)),2),"")	=IFERROR(SUMPRODUCT((homes!$A$2:$A$1046=$A12)*ISNUMBER(homes!$L$2:$L$1046),homes!$L$2:$L$1046)/E12,"")	=SUMPRODUCT((homes!$A$2:$A$1046=$A12)*ISNUMBER(homes!$M$2:$M$1046))	=IFERROR(AGGREGATE(17,6,homes!$M$2:$M$1046/((homes!$A$2:$A$1046=$A12)*ISNUMBER(homes!$M$2:$M$1046)),2),"")	=IFERROR(100*(SUMPRODUCT((homes!$A$2:$A$1046=$A12)*ISNUMBER(homes!$G$2:$G$1046)*ISNUMBER(homes!$J$2:$J$1046),homes!$G$2:$G$1046)/SUMPRODUCT((homes!$A$2:$A$1046=$A12)*ISNUMBER(homes!$G$2:$G$1046)*ISNUMBER(homes!$J$2:$J$1046),homes!$J$2:$J$1046)-1),"")	=SUMPRODUCT((homes!$A$2:$A$1046=$A12)*ISNUMBER(homes!$K$2:$K$1046))	=IFERROR(SUMPRODUCT((homes!$A$2:$A$1046=$A12)*ISNUMBER(homes!$K$2:$K$1046),homes!$K$2:$K$1046)/K12,"")	=IFERROR(SUMPRODUCT((homes!$A$2:$A$1046=$A12)*ISNUMBER(homes!$N$2:$N$1046),homes!$N$2:$N$1046)/SUMPRODUCT((homes!$A$2:$A$1046=$A12)*ISNUMBER(homes!$N$2:$N$1046)),"")	9	0		0			2	79.0		9	2439		=ROUND(IF(OR(B12="",N12=""),0,ABS(B12-N12)*(ABS(B12-N12)>0.6))+IF(OR(C12="",O12=""),0,ABS(C12-O12)*(ABS(C12-O12)>0.6))+IF(OR(D12="",P12=""),0,ABS(D12-P12)*(ABS(D12-P12)>0.6))+IF(OR(E12="",Q12=""),0,ABS(E12-Q12)*(ABS(E12-Q12)>0.6))+IF(OR(F12="",R12=""),0,ABS(F12-R12)*(ABS(F12-R12)>0.6))+IF(OR(G12="",S12=""),0,ABS(G12-S12)*(ABS(G12-S12)>0.6))+IF(OR(H12="",T12=""),0,ABS(H12-T12)*(ABS(H12-T12)>0.6))+IF(OR(I12="",U12=""),0,ABS(I12-U12)*(ABS(I12-U12)>0.6))+IF(OR(J12="",V12=""),0,ABS(J12-V12)*(ABS(J12-V12)>0.6))+IF(OR(K12="",W12=""),0,ABS(K12-W12)*(ABS(K12-W12)>0.6))+IF(OR(L12="",X12=""),0,ABS(L12-X12)*(ABS(L12-X12)>0.6))+IF(OR(M12="",Y12=""),0,ABS(M12-Y12)*(ABS(M12-Y12)>0.6)),0)
IN	=SUMPRODUCT((homes!$A$2:$A$1046=$A13)*1)	=SUMPRODUCT((homes!$A$2:$A$1046=$A13)*ISNUMBER(homes!$G$2:$G$1046))	=IFERROR(SUMPRODUCT((homes!$A$2:$A$1046=$A13)*ISNUMBER(homes!$G$2:$G$1046),homes!$G$2:$G$1046)/C13,"")	=SUMPRODUCT((homes!$A$2:$A$1046=$A13)*ISNUMBER(homes!$L$2:$L$1046))	=IFERROR(AGGREGATE(17,6,homes!$L$2:$L$1046/((homes!$A$2:$A$1046=$A13)*ISNUMBER(homes!$L$2:$L$1046)),2),"")	=IFERROR(SUMPRODUCT((homes!$A$2:$A$1046=$A13)*ISNUMBER(homes!$L$2:$L$1046),homes!$L$2:$L$1046)/E13,"")	=SUMPRODUCT((homes!$A$2:$A$1046=$A13)*ISNUMBER(homes!$M$2:$M$1046))	=IFERROR(AGGREGATE(17,6,homes!$M$2:$M$1046/((homes!$A$2:$A$1046=$A13)*ISNUMBER(homes!$M$2:$M$1046)),2),"")	=IFERROR(100*(SUMPRODUCT((homes!$A$2:$A$1046=$A13)*ISNUMBER(homes!$G$2:$G$1046)*ISNUMBER(homes!$J$2:$J$1046),homes!$G$2:$G$1046)/SUMPRODUCT((homes!$A$2:$A$1046=$A13)*ISNUMBER(homes!$G$2:$G$1046)*ISNUMBER(homes!$J$2:$J$1046),homes!$J$2:$J$1046)-1),"")	=SUMPRODUCT((homes!$A$2:$A$1046=$A13)*ISNUMBER(homes!$K$2:$K$1046))	=IFERROR(SUMPRODUCT((homes!$A$2:$A$1046=$A13)*ISNUMBER(homes!$K$2:$K$1046),homes!$K$2:$K$1046)/K13,"")	=IFERROR(SUMPRODUCT((homes!$A$2:$A$1046=$A13)*ISNUMBER(homes!$N$2:$N$1046),homes!$N$2:$N$1046)/SUMPRODUCT((homes!$A$2:$A$1046=$A13)*ISNUMBER(homes!$N$2:$N$1046)),"")	9	0		0			5	71		9	2093		=ROUND(IF(OR(B13="",N13=""),0,ABS(B13-N13)*(ABS(B13-N13)>0.6))+IF(OR(C13="",O13=""),0,ABS(C13-O13)*(ABS(C13-O13)>0.6))+IF(OR(D13="",P13=""),0,ABS(D13-P13)*(ABS(D13-P13)>0.6))+IF(OR(E13="",Q13=""),0,ABS(E13-Q13)*(ABS(E13-Q13)>0.6))+IF(OR(F13="",R13=""),0,ABS(F13-R13)*(ABS(F13-R13)>0.6))+IF(OR(G13="",S13=""),0,ABS(G13-S13)*(ABS(G13-S13)>0.6))+IF(OR(H13="",T13=""),0,ABS(H13-T13)*(ABS(H13-T13)>0.6))+IF(OR(I13="",U13=""),0,ABS(I13-U13)*(ABS(I13-U13)>0.6))+IF(OR(J13="",V13=""),0,ABS(J13-V13)*(ABS(J13-V13)>0.6))+IF(OR(K13="",W13=""),0,ABS(K13-W13)*(ABS(K13-W13)>0.6))+IF(OR(L13="",X13=""),0,ABS(L13-X13)*(ABS(L13-X13)>0.6))+IF(OR(M13="",Y13=""),0,ABS(M13-Y13)*(ABS(M13-Y13)>0.6)),0)
ID	=SUMPRODUCT((homes!$A$2:$A$1046=$A14)*1)	=SUMPRODUCT((homes!$A$2:$A$1046=$A14)*ISNUMBER(homes!$G$2:$G$1046))	=IFERROR(SUMPRODUCT((homes!$A$2:$A$1046=$A14)*ISNUMBER(homes!$G$2:$G$1046),homes!$G$2:$G$1046)/C14,"")	=SUMPRODUCT((homes!$A$2:$A$1046=$A14)*ISNUMBER(homes!$L$2:$L$1046))	=IFERROR(AGGREGATE(17,6,homes!$L$2:$L$1046/((homes!$A$2:$A$1046=$A14)*ISNUMBER(homes!$L$2:$L$1046)),2),"")	=IFERROR(SUMPRODUCT((homes!$A$2:$A$1046=$A14)*ISNUMBER(homes!$L$2:$L$1046),homes!$L$2:$L$1046)/E14,"")	=SUMPRODUCT((homes!$A$2:$A$1046=$A14)*ISNUMBER(homes!$M$2:$M$1046))	=IFERROR(AGGREGATE(17,6,homes!$M$2:$M$1046/((homes!$A$2:$A$1046=$A14)*ISNUMBER(homes!$M$2:$M$1046)),2),"")	=IFERROR(100*(SUMPRODUCT((homes!$A$2:$A$1046=$A14)*ISNUMBER(homes!$G$2:$G$1046)*ISNUMBER(homes!$J$2:$J$1046),homes!$G$2:$G$1046)/SUMPRODUCT((homes!$A$2:$A$1046=$A14)*ISNUMBER(homes!$G$2:$G$1046)*ISNUMBER(homes!$J$2:$J$1046),homes!$J$2:$J$1046)-1),"")	=SUMPRODUCT((homes!$A$2:$A$1046=$A14)*ISNUMBER(homes!$K$2:$K$1046))	=IFERROR(SUMPRODUCT((homes!$A$2:$A$1046=$A14)*ISNUMBER(homes!$K$2:$K$1046),homes!$K$2:$K$1046)/K14,"")	=IFERROR(SUMPRODUCT((homes!$A$2:$A$1046=$A14)*ISNUMBER(homes!$N$2:$N$1046),homes!$N$2:$N$1046)/SUMPRODUCT((homes!$A$2:$A$1046=$A14)*ISNUMBER(homes!$N$2:$N$1046)),"")	7	0		0			0			7	2769		=ROUND(IF(OR(B14="",N14=""),0,ABS(B14-N14)*(ABS(B14-N14)>0.6))+IF(OR(C14="",O14=""),0,ABS(C14-O14)*(ABS(C14-O14)>0.6))+IF(OR(D14="",P14=""),0,ABS(D14-P14)*(ABS(D14-P14)>0.6))+IF(OR(E14="",Q14=""),0,ABS(E14-Q14)*(ABS(E14-Q14)>0.6))+IF(OR(F14="",R14=""),0,ABS(F14-R14)*(ABS(F14-R14)>0.6))+IF(OR(G14="",S14=""),0,ABS(G14-S14)*(ABS(G14-S14)>0.6))+IF(OR(H14="",T14=""),0,ABS(H14-T14)*(ABS(H14-T14)>0.6))+IF(OR(I14="",U14=""),0,ABS(I14-U14)*(ABS(I14-U14)>0.6))+IF(OR(J14="",V14=""),0,ABS(J14-V14)*(ABS(J14-V14)>0.6))+IF(OR(K14="",W14=""),0,ABS(K14-W14)*(ABS(K14-W14)>0.6))+IF(OR(L14="",X14=""),0,ABS(L14-X14)*(ABS(L14-X14)>0.6))+IF(OR(M14="",Y14=""),0,ABS(M14-Y14)*(ABS(M14-Y14)>0.6)),0)
CO	=SUMPRODUCT((homes!$A$2:$A$1046=$A15)*1)	=SUMPRODUCT((homes!$A$2:$A$1046=$A15)*ISNUMBER(homes!$G$2:$G$1046))	=IFERROR(SUMPRODUCT((homes!$A$2:$A$1046=$A15)*ISNUMBER(homes!$G$2:$G$1046),homes!$G$2:$G$1046)/C15,"")	=SUMPRODUCT((homes!$A$2:$A$1046=$A15)*ISNUMBER(homes!$L$2:$L$1046))	=IFERROR(AGGREGATE(17,6,homes!$L$2:$L$1046/((homes!$A$2:$A$1046=$A15)*ISNUMBER(homes!$L$2:$L$1046)),2),"")	=IFERROR(SUMPRODUCT((homes!$A$2:$A$1046=$A15)*ISNUMBER(homes!$L$2:$L$1046),homes!$L$2:$L$1046)/E15,"")	=SUMPRODUCT((homes!$A$2:$A$1046=$A15)*ISNUMBER(homes!$M$2:$M$1046))	=IFERROR(AGGREGATE(17,6,homes!$M$2:$M$1046/((homes!$A$2:$A$1046=$A15)*ISNUMBER(homes!$M$2:$M$1046)),2),"")	=IFERROR(100*(SUMPRODUCT((homes!$A$2:$A$1046=$A15)*ISNUMBER(homes!$G$2:$G$1046)*ISNUMBER(homes!$J$2:$J$1046),homes!$G$2:$G$1046)/SUMPRODUCT((homes!$A$2:$A$1046=$A15)*ISNUMBER(homes!$G$2:$G$1046)*ISNUMBER(homes!$J$2:$J$1046),homes!$J$2:$J$1046)-1),"")	=SUMPRODUCT((homes!$A$2:$A$1046=$A15)*ISNUMBER(homes!$K$2:$K$1046))	=IFERROR(SUMPRODUCT((homes!$A$2:$A$1046=$A15)*ISNUMBER(homes!$K$2:$K$1046),homes!$K$2:$K$1046)/K15,"")	=IFERROR(SUMPRODUCT((homes!$A$2:$A$1046=$A15)*ISNUMBER(homes!$N$2:$N$1046),homes!$N$2:$N$1046)/SUMPRODUCT((homes!$A$2:$A$1046=$A15)*ISNUMBER(homes!$N$2:$N$1046)),"")	6	6	454135	3	-5.0	-6.5	0		-4.9	6	2559	6.78	=ROUND(IF(OR(B15="",N15=""),0,ABS(B15-N15)*(ABS(B15-N15)>0.6))+IF(OR(C15="",O15=""),0,ABS(C15-O15)*(ABS(C15-O15)>0.6))+IF(OR(D15="",P15=""),0,ABS(D15-P15)*(ABS(D15-P15)>0.6))+IF(OR(E15="",Q15=""),0,ABS(E15-Q15)*(ABS(E15-Q15)>0.6))+IF(OR(F15="",R15=""),0,ABS(F15-R15)*(ABS(F15-R15)>0.6))+IF(OR(G15="",S15=""),0,ABS(G15-S15)*(ABS(G15-S15)>0.6))+IF(OR(H15="",T15=""),0,ABS(H15-T15)*(ABS(H15-T15)>0.6))+IF(OR(I15="",U15=""),0,ABS(I15-U15)*(ABS(I15-U15)>0.6))+IF(OR(J15="",V15=""),0,ABS(J15-V15)*(ABS(J15-V15)>0.6))+IF(OR(K15="",W15=""),0,ABS(K15-W15)*(ABS(K15-W15)>0.6))+IF(OR(L15="",X15=""),0,ABS(L15-X15)*(ABS(L15-X15)>0.6))+IF(OR(M15="",Y15=""),0,ABS(M15-Y15)*(ABS(M15-Y15)>0.6)),0)
VA	=SUMPRODUCT((homes!$A$2:$A$1046=$A16)*1)	=SUMPRODUCT((homes!$A$2:$A$1046=$A16)*ISNUMBER(homes!$G$2:$G$1046))	=IFERROR(SUMPRODUCT((homes!$A$2:$A$1046=$A16)*ISNUMBER(homes!$G$2:$G$1046),homes!$G$2:$G$1046)/C16,"")	=SUMPRODUCT((homes!$A$2:$A$1046=$A16)*ISNUMBER(homes!$L$2:$L$1046))	=IFERROR(AGGREGATE(17,6,homes!$L$2:$L$1046/((homes!$A$2:$A$1046=$A16)*ISNUMBER(homes!$L$2:$L$1046)),2),"")	=IFERROR(SUMPRODUCT((homes!$A$2:$A$1046=$A16)*ISNUMBER(homes!$L$2:$L$1046),homes!$L$2:$L$1046)/E16,"")	=SUMPRODUCT((homes!$A$2:$A$1046=$A16)*ISNUMBER(homes!$M$2:$M$1046))	=IFERROR(AGGREGATE(17,6,homes!$M$2:$M$1046/((homes!$A$2:$A$1046=$A16)*ISNUMBER(homes!$M$2:$M$1046)),2),"")	=IFERROR(100*(SUMPRODUCT((homes!$A$2:$A$1046=$A16)*ISNUMBER(homes!$G$2:$G$1046)*ISNUMBER(homes!$J$2:$J$1046),homes!$G$2:$G$1046)/SUMPRODUCT((homes!$A$2:$A$1046=$A16)*ISNUMBER(homes!$G$2:$G$1046)*ISNUMBER(homes!$J$2:$J$1046),homes!$J$2:$J$1046)-1),"")	=SUMPRODUCT((homes!$A$2:$A$1046=$A16)*ISNUMBER(homes!$K$2:$K$1046))	=IFERROR(SUMPRODUCT((homes!$A$2:$A$1046=$A16)*ISNUMBER(homes!$K$2:$K$1046),homes!$K$2:$K$1046)/K16,"")	=IFERROR(SUMPRODUCT((homes!$A$2:$A$1046=$A16)*ISNUMBER(homes!$N$2:$N$1046),homes!$N$2:$N$1046)/SUMPRODUCT((homes!$A$2:$A$1046=$A16)*ISNUMBER(homes!$N$2:$N$1046)),"")	5	5	499778	1	-1.2	-1.2	1	115	9.8	5	2585	6.24	=ROUND(IF(OR(B16="",N16=""),0,ABS(B16-N16)*(ABS(B16-N16)>0.6))+IF(OR(C16="",O16=""),0,ABS(C16-O16)*(ABS(C16-O16)>0.6))+IF(OR(D16="",P16=""),0,ABS(D16-P16)*(ABS(D16-P16)>0.6))+IF(OR(E16="",Q16=""),0,ABS(E16-Q16)*(ABS(E16-Q16)>0.6))+IF(OR(F16="",R16=""),0,ABS(F16-R16)*(ABS(F16-R16)>0.6))+IF(OR(G16="",S16=""),0,ABS(G16-S16)*(ABS(G16-S16)>0.6))+IF(OR(H16="",T16=""),0,ABS(H16-T16)*(ABS(H16-T16)>0.6))+IF(OR(I16="",U16=""),0,ABS(I16-U16)*(ABS(I16-U16)>0.6))+IF(OR(J16="",V16=""),0,ABS(J16-V16)*(ABS(J16-V16)>0.6))+IF(OR(K16="",W16=""),0,ABS(K16-W16)*(ABS(K16-W16)>0.6))+IF(OR(L16="",X16=""),0,ABS(L16-X16)*(ABS(L16-X16)>0.6))+IF(OR(M16="",Y16=""),0,ABS(M16-Y16)*(ABS(M16-Y16)>0.6)),0)
AZ	=SUMPRODUCT((homes!$A$2:$A$1046=$A17)*1)	=SUMPRODUCT((homes!$A$2:$A$1046=$A17)*ISNUMBER(homes!$G$2:$G$1046))	=IFERROR(SUMPRODUCT((homes!$A$2:$A$1046=$A17)*ISNUMBER(homes!$G$2:$G$1046),homes!$G$2:$G$1046)/C17,"")	=SUMPRODUCT((homes!$A$2:$A$1046=$A17)*ISNUMBER(homes!$L$2:$L$1046))	=IFERROR(AGGREGATE(17,6,homes!$L$2:$L$1046/((homes!$A$2:$A$1046=$A17)*ISNUMBER(homes!$L$2:$L$1046)),2),"")	=IFERROR(SUMPRODUCT((homes!$A$2:$A$1046=$A17)*ISNUMBER(homes!$L$2:$L$1046),homes!$L$2:$L$1046)/E17,"")	=SUMPRODUCT((homes!$A$2:$A$1046=$A17)*ISNUMBER(homes!$M$2:$M$1046))	=IFERROR(AGGREGATE(17,6,homes!$M$2:$M$1046/((homes!$A$2:$A$1046=$A17)*ISNUMBER(homes!$M$2:$M$1046)),2),"")	=IFERROR(100*(SUMPRODUCT((homes!$A$2:$A$1046=$A17)*ISNUMBER(homes!$G$2:$G$1046)*ISNUMBER(homes!$J$2:$J$1046),homes!$G$2:$G$1046)/SUMPRODUCT((homes!$A$2:$A$1046=$A17)*ISNUMBER(homes!$G$2:$G$1046)*ISNUMBER(homes!$J$2:$J$1046),homes!$J$2:$J$1046)-1),"")	=SUMPRODUCT((homes!$A$2:$A$1046=$A17)*ISNUMBER(homes!$K$2:$K$1046))	=IFERROR(SUMPRODUCT((homes!$A$2:$A$1046=$A17)*ISNUMBER(homes!$K$2:$K$1046),homes!$K$2:$K$1046)/K17,"")	=IFERROR(SUMPRODUCT((homes!$A$2:$A$1046=$A17)*ISNUMBER(homes!$N$2:$N$1046),homes!$N$2:$N$1046)/SUMPRODUCT((homes!$A$2:$A$1046=$A17)*ISNUMBER(homes!$N$2:$N$1046)),"")	2	2	435263	2	-5.9	-5.9	0		-0.9	2	2255	6.25	=ROUND(IF(OR(B17="",N17=""),0,ABS(B17-N17)*(ABS(B17-N17)>0.6))+IF(OR(C17="",O17=""),0,ABS(C17-O17)*(ABS(C17-O17)>0.6))+IF(OR(D17="",P17=""),0,ABS(D17-P17)*(ABS(D17-P17)>0.6))+IF(OR(E17="",Q17=""),0,ABS(E17-Q17)*(ABS(E17-Q17)>0.6))+IF(OR(F17="",R17=""),0,ABS(F17-R17)*(ABS(F17-R17)>0.6))+IF(OR(G17="",S17=""),0,ABS(G17-S17)*(ABS(G17-S17)>0.6))+IF(OR(H17="",T17=""),0,ABS(H17-T17)*(ABS(H17-T17)>0.6))+IF(OR(I17="",U17=""),0,ABS(I17-U17)*(ABS(I17-U17)>0.6))+IF(OR(J17="",V17=""),0,ABS(J17-V17)*(ABS(J17-V17)>0.6))+IF(OR(K17="",W17=""),0,ABS(K17-W17)*(ABS(K17-W17)>0.6))+IF(OR(L17="",X17=""),0,ABS(L17-X17)*(ABS(L17-X17)>0.6))+IF(OR(M17="",Y17=""),0,ABS(M17-Y17)*(ABS(M17-Y17)>0.6)),0)
ALL	=ROWS(homes!$A$2:$A$1046)	=SUMPRODUCT(1*ISNUMBER(homes!$G$2:$G$1046))	=IFERROR(SUMPRODUCT(1*ISNUMBER(homes!$G$2:$G$1046),homes!$G$2:$G$1046)/C18,"")	=SUMPRODUCT(1*ISNUMBER(homes!$L$2:$L$1046))	=IFERROR(AGGREGATE(17,6,homes!$L$2:$L$1046/(1*ISNUMBER(homes!$L$2:$L$1046)),2),"")	=IFERROR(SUMPRODUCT(1*ISNUMBER(homes!$L$2:$L$1046),homes!$L$2:$L$1046)/E18,"")	=SUMPRODUCT(1*ISNUMBER(homes!$M$2:$M$1046))	=IFERROR(AGGREGATE(17,6,homes!$M$2:$M$1046/(1*ISNUMBER(homes!$M$2:$M$1046)),2),"")	=IFERROR(100*(SUMPRODUCT(1*ISNUMBER(homes!$G$2:$G$1046)*ISNUMBER(homes!$J$2:$J$1046),homes!$G$2:$G$1046)/SUMPRODUCT(1*ISNUMBER(homes!$G$2:$G$1046)*ISNUMBER(homes!$J$2:$J$1046),homes!$J$2:$J$1046)-1),"")	=SUMPRODUCT(1*ISNUMBER(homes!$K$2:$K$1046))	=IFERROR(SUMPRODUCT(1*ISNUMBER(homes!$K$2:$K$1046),homes!$K$2:$K$1046)/K18,"")	=IFERROR(SUMPRODUCT(1*ISNUMBER(homes!$N$2:$N$1046),homes!$N$2:$N$1046)/SUMPRODUCT(1*ISNUMBER(homes!$N$2:$N$1046)),"")	1045	550	284371	302	-3.2	-2.9	338	79.0	0.0	988	1859	8.2	=ROUND(IF(OR(B18="",N18=""),0,ABS(B18-N18)*(ABS(B18-N18)>0.6))+IF(OR(C18="",O18=""),0,ABS(C18-O18)*(ABS(C18-O18)>0.6))+IF(OR(D18="",P18=""),0,ABS(D18-P18)*(ABS(D18-P18)>0.6))+IF(OR(E18="",Q18=""),0,ABS(E18-Q18)*(ABS(E18-Q18)>0.6))+IF(OR(F18="",R18=""),0,ABS(F18-R18)*(ABS(F18-R18)>0.6))+IF(OR(G18="",S18=""),0,ABS(G18-S18)*(ABS(G18-S18)>0.6))+IF(OR(H18="",T18=""),0,ABS(H18-T18)*(ABS(H18-T18)>0.6))+IF(OR(I18="",U18=""),0,ABS(I18-U18)*(ABS(I18-U18)>0.6))+IF(OR(J18="",V18=""),0,ABS(J18-V18)*(ABS(J18-V18)>0.6))+IF(OR(K18="",W18=""),0,ABS(K18-W18)*(ABS(K18-W18)>0.6))+IF(OR(L18="",X18=""),0,ABS(L18-X18)*(ABS(L18-X18)>0.6))+IF(OR(M18="",Y18=""),0,ABS(M18-Y18)*(ABS(M18-Y18)>0.6)),0)
