state	metro	weight_value	zillow 12-month forecast %	zillow 3-month forecast %		STATE	value-weighted 12-month %	value-weighted 3-month %	share of value %	ours: 12-month %	check (0 = match)
AL	Baldwin	322554	0.9	0.9		ALL	=SUMPRODUCT(1*$C$2:$C$1042*$D$2:$D$1042)/SUMPRODUCT(1*$C$2:$C$1042)	=SUMPRODUCT(1*$C$2:$C$1042*$E$2:$E$1042)/SUMPRODUCT(1*$C$2:$C$1042)	=100*SUMPRODUCT(1*$C$2:$C$1042)/SUM($C$2:$C$1042)	0.31	=ROUND(H2-K2,2)
AL	Baldwin	281820	0.9	0.9		TX	=SUMPRODUCT(($A$2:$A$1042=G3)*$C$2:$C$1042*$D$2:$D$1042)/SUMPRODUCT(($A$2:$A$1042=G3)*$C$2:$C$1042)	=SUMPRODUCT(($A$2:$A$1042=G3)*$C$2:$C$1042*$E$2:$E$1042)/SUMPRODUCT(($A$2:$A$1042=G3)*$C$2:$C$1042)	=100*SUMPRODUCT(($A$2:$A$1042=G3)*$C$2:$C$1042)/SUM($C$2:$C$1042)	-0.89	=ROUND(H3-K3,2)
AL	Baldwin	322554	0.9	0.9		FL	=SUMPRODUCT(($A$2:$A$1042=G4)*$C$2:$C$1042*$D$2:$D$1042)/SUMPRODUCT(($A$2:$A$1042=G4)*$C$2:$C$1042)	=SUMPRODUCT(($A$2:$A$1042=G4)*$C$2:$C$1042*$E$2:$E$1042)/SUMPRODUCT(($A$2:$A$1042=G4)*$C$2:$C$1042)	=100*SUMPRODUCT(($A$2:$A$1042=G4)*$C$2:$C$1042)/SUM($C$2:$C$1042)	-0.77	=ROUND(H4-K4,2)
AL	Baldwin	322554	0.9	0.9		SC	=SUMPRODUCT(($A$2:$A$1042=G5)*$C$2:$C$1042*$D$2:$D$1042)/SUMPRODUCT(($A$2:$A$1042=G5)*$C$2:$C$1042)	=SUMPRODUCT(($A$2:$A$1042=G5)*$C$2:$C$1042*$E$2:$E$1042)/SUMPRODUCT(($A$2:$A$1042=G5)*$C$2:$C$1042)	=100*SUMPRODUCT(($A$2:$A$1042=G5)*$C$2:$C$1042)/SUM($C$2:$C$1042)	1.0	=ROUND(H5-K5,2)
AL	Baldwin	287231	0.9	0.9		NC	=SUMPRODUCT(($A$2:$A$1042=G6)*$C$2:$C$1042*$D$2:$D$1042)/SUMPRODUCT(($A$2:$A$1042=G6)*$C$2:$C$1042)	=SUMPRODUCT(($A$2:$A$1042=G6)*$C$2:$C$1042*$E$2:$E$1042)/SUMPRODUCT(($A$2:$A$1042=G6)*$C$2:$C$1042)	=100*SUMPRODUCT(($A$2:$A$1042=G6)*$C$2:$C$1042)/SUM($C$2:$C$1042)	0.45	=ROUND(H6-K6,2)
AL	Baldwin	379698	0.9	0.9		AR	=SUMPRODUCT(($A$2:$A$1042=G7)*$C$2:$C$1042*$D$2:$D$1042)/SUMPRODUCT(($A$2:$A$1042=G7)*$C$2:$C$1042)	=SUMPRODUCT(($A$2:$A$1042=G7)*$C$2:$C$1042*$E$2:$E$1042)/SUMPRODUCT(($A$2:$A$1042=G7)*$C$2:$C$1042)	=100*SUMPRODUCT(($A$2:$A$1042=G7)*$C$2:$C$1042)/SUM($C$2:$C$1042)	1.73	=ROUND(H7-K7,2)
AL	Baldwin	322554	0.9	0.9		OK	=SUMPRODUCT(($A$2:$A$1042=G8)*$C$2:$C$1042*$D$2:$D$1042)/SUMPRODUCT(($A$2:$A$1042=G8)*$C$2:$C$1042)	=SUMPRODUCT(($A$2:$A$1042=G8)*$C$2:$C$1042*$E$2:$E$1042)/SUMPRODUCT(($A$2:$A$1042=G8)*$C$2:$C$1042)	=100*SUMPRODUCT(($A$2:$A$1042=G8)*$C$2:$C$1042)/SUM($C$2:$C$1042)	2.06	=ROUND(H8-K8,2)
AL	Baldwin	322554	0.9	0.9		AL	=SUMPRODUCT(($A$2:$A$1042=G9)*$C$2:$C$1042*$D$2:$D$1042)/SUMPRODUCT(($A$2:$A$1042=G9)*$C$2:$C$1042)	=SUMPRODUCT(($A$2:$A$1042=G9)*$C$2:$C$1042*$E$2:$E$1042)/SUMPRODUCT(($A$2:$A$1042=G9)*$C$2:$C$1042)	=100*SUMPRODUCT(($A$2:$A$1042=G9)*$C$2:$C$1042)/SUM($C$2:$C$1042)	1.12	=ROUND(H9-K9,2)
AL	Baldwin	264605	0.9	0.9		GA	=SUMPRODUCT(($A$2:$A$1042=G10)*$C$2:$C$1042*$D$2:$D$1042)/SUMPRODUCT(($A$2:$A$1042=G10)*$C$2:$C$1042)	=SUMPRODUCT(($A$2:$A$1042=G10)*$C$2:$C$1042*$E$2:$E$1042)/SUMPRODUCT(($A$2:$A$1042=G10)*$C$2:$C$1042)	=100*SUMPRODUCT(($A$2:$A$1042=G10)*$C$2:$C$1042)/SUM($C$2:$C$1042)	2.18	=ROUND(H10-K10,2)
AL	Baldwin	272475	0.9	0.9		TN	=SUMPRODUCT(($A$2:$A$1042=G11)*$C$2:$C$1042*$D$2:$D$1042)/SUMPRODUCT(($A$2:$A$1042=G11)*$C$2:$C$1042)	=SUMPRODUCT(($A$2:$A$1042=G11)*$C$2:$C$1042*$E$2:$E$1042)/SUMPRODUCT(($A$2:$A$1042=G11)*$C$2:$C$1042)	=100*SUMPRODUCT(($A$2:$A$1042=G11)*$C$2:$C$1042)/SUM($C$2:$C$1042)	0.23	=ROUND(H11-K11,2)
AL	Baldwin	322554	0.9	0.9		MN	=SUMPRODUCT(($A$2:$A$1042=G12)*$C$2:$C$1042*$D$2:$D$1042)/SUMPRODUCT(($A$2:$A$1042=G12)*$C$2:$C$1042)	=SUMPRODUCT(($A$2:$A$1042=G12)*$C$2:$C$1042*$E$2:$E$1042)/SUMPRODUCT(($A$2:$A$1042=G12)*$C$2:$C$1042)	=100*SUMPRODUCT(($A$2:$A$1042=G12)*$C$2:$C$1042)/SUM($C$2:$C$1042)	0.78	=ROUND(H12-K12,2)
AL	Baldwin	278869	0.9	0.9		DE	=SUMPRODUCT(($A$2:$A$1042=G13)*$C$2:$C$1042*$D$2:$D$1042)/SUMPRODUCT(($A$2:$A$1042=G13)*$C$2:$C$1042)	=SUMPRODUCT(($A$2:$A$1042=G13)*$C$2:$C$1042*$E$2:$E$1042)/SUMPRODUCT(($A$2:$A$1042=G13)*$C$2:$C$1042)	=100*SUMPRODUCT(($A$2:$A$1042=G13)*$C$2:$C$1042)/SUM($C$2:$C$1042)	2.14	=ROUND(H13-K13,2)
AL	Baldwin	267557	0.9	0.9		IN	=SUMPRODUCT(($A$2:$A$1042=G14)*$C$2:$C$1042*$D$2:$D$1042)/SUMPRODUCT(($A$2:$A$1042=G14)*$C$2:$C$1042)	=SUMPRODUCT(($A$2:$A$1042=G14)*$C$2:$C$1042*$E$2:$E$1042)/SUMPRODUCT(($A$2:$A$1042=G14)*$C$2:$C$1042)	=100*SUMPRODUCT(($A$2:$A$1042=G14)*$C$2:$C$1042)/SUM($C$2:$C$1042)	1.37	=ROUND(H14-K14,2)
AL	Baldwin	322554	0.9	0.9		ID	=SUMPRODUCT(($A$2:$A$1042=G15)*$C$2:$C$1042*$D$2:$D$1042)/SUMPRODUCT(($A$2:$A$1042=G15)*$C$2:$C$1042)	=SUMPRODUCT(($A$2:$A$1042=G15)*$C$2:$C$1042*$E$2:$E$1042)/SUMPRODUCT(($A$2:$A$1042=G15)*$C$2:$C$1042)	=100*SUMPRODUCT(($A$2:$A$1042=G15)*$C$2:$C$1042)/SUM($C$2:$C$1042)	0.3	=ROUND(H15-K15,2)
AL	Baldwin	322554	0.9	0.9		CO	=SUMPRODUCT(($A$2:$A$1042=G16)*$C$2:$C$1042*$D$2:$D$1042)/SUMPRODUCT(($A$2:$A$1042=G16)*$C$2:$C$1042)	=SUMPRODUCT(($A$2:$A$1042=G16)*$C$2:$C$1042*$E$2:$E$1042)/SUMPRODUCT(($A$2:$A$1042=G16)*$C$2:$C$1042)	=100*SUMPRODUCT(($A$2:$A$1042=G16)*$C$2:$C$1042)/SUM($C$2:$C$1042)	0.23	=ROUND(H16-K16,2)
AL	Baldwin	322554	0.9	0.9		VA	=SUMPRODUCT(($A$2:$A$1042=G17)*$C$2:$C$1042*$D$2:$D$1042)/SUMPRODUCT(($A$2:$A$1042=G17)*$C$2:$C$1042)	=SUMPRODUCT(($A$2:$A$1042=G17)*$C$2:$C$1042*$E$2:$E$1042)/SUMPRODUCT(($A$2:$A$1042=G17)*$C$2:$C$1042)	=100*SUMPRODUCT(($A$2:$A$1042=G17)*$C$2:$C$1042)/SUM($C$2:$C$1042)	2.01	=ROUND(H17-K17,2)
AL	Baldwin	322554	0.9	0.9		AZ	=SUMPRODUCT(($A$2:$A$1042=G18)*$C$2:$C$1042*$D$2:$D$1042)/SUMPRODUCT(($A$2:$A$1042=G18)*$C$2:$C$1042)	=SUMPRODUCT(($A$2:$A$1042=G18)*$C$2:$C$1042*$E$2:$E$1042)/SUMPRODUCT(($A$2:$A$1042=G18)*$C$2:$C$1042)	=100*SUMPRODUCT(($A$2:$A$1042=G18)*$C$2:$C$1042)/SUM($C$2:$C$1042)	-0.6	=ROUND(H18-K18,2)
AL	Baldwin	322554	0.9	0.9							
AL	Baldwin	322554	0.9	0.9							
AL	Baldwin	322554	0.9	0.9							
AL	Baldwin	338875	0.9	0.9							
AL	Baldwin	322554	1.1	1.2							
AL	Baldwin	322554	1.1	1.2							
AL	Baldwin	322554	1.1	1.2							
AL	Baldwin	322554	1.1	1.2							
AL	Baldwin	322554	1.1	1.2							
AL	Baldwin	322554	1.1	1.2							
AL	Baldwin	322554	1.1	1.2							
AL	Baldwin	322554	1.1	1.2							
AL	Baldwin	322554	1.1	1.2							
AL	Baldwin	322554	1.1	1.2							
AL	Cullman	223152	1.7	0.6							
AL	Cullman	263091	1.7	0.6							
AL	Cullman	232930	1.7	0.6							
AL	Limestone	317326	1.0	0.7							
AL	Limestone	258907	0.6	0.8							
AL	Limestone	391428	1.0	0.7							
AL	Madison	293257	1.1	0.8							
AL	Madison	322554	0.9	0.6							
AL	Madison	387537	1.0	0.6							
AL	Morgan	322554	1.4	0.5							
AL	Morgan	218898	1.2	0.5							
AL	Morgan	260707	1.2	0.5							
AL	Morgan	322554	1.2	0.5							
AL	Morgan	322554	1.4	0.5							
AL	Morgan	322554	1.4	0.5							
AL	Morgan	322554	1.4	0.5							
AL	Morgan	322554	1.4	0.5							
AL	Morgan	322554	1.4	0.5							
AL	St. Clair	223546	1.3	0.1							
AL	St. Clair	253686	1.3	0.1							
AL	St. Clair	253391	1.3	0.1							
AL	Talladega	193515	1.5	1.2							
AL	Talladega	210422	1.5	1.2							
AL	Talladega	322554	1.5	1.2							
AL	Talladega	216788	1.5	1.2							
AL	Talladega	211436	1.5	1.2							
AL	Talladega	201569	1.5	1.2							
AL	Talladega	196602	1.6	1.4							
AL	Talladega	211463	1.5	1.2							
AL	Talladega	176968	0.9	-0.1							
AL	Talladega	165314	0.9	-0.1							
AR	Benton	347257	1.3	0.2							
AR	Benton	253693	1.3	0.2							
AR	Benton	252211	1.3	0.2							
AR	Benton	250118	1.3	0.2							
AR	Benton	253430	1.3	0.2							
AR	Benton	275627	1.3	0.5							
AR	Benton	327997	0.9	0.2							
AR	Benton	272723	1.0	0.0							
AR	Benton	232995	1.2	0.4							
AR	Benton	227859	1.2	0.4							
AR	Benton	227511	1.2	0.4							
AR	Benton	224494	1.2	0.4							
AR	Benton	228294	1.2	0.4							
AR	Benton	226758	1.2	0.4							
AR	Benton	192402	1.2	0.4							
AR	Craighead	205037	1.5	0.3							
AR	Craighead	203749	1.5	0.3							
AR	Craighead	196509	1.5	0.3							
AR	Faulkner	204420	2.5	1.0							
AR	Lonoke	184000	2.0	0.4							
AR	Lonoke	187000	2.0	0.4							
AR	Lonoke	173000	2.0	0.4							
AR	Lonoke	188000	2.0	0.4							
AR	Lonoke	182000	2.0	0.4							
AR	Lonoke	192000	2.0	0.4							
AR	Pulaski	205139	1.8	0.5							
AR	Saline	182211	2.3	0.9							
AR	Saline	203570	2.3	0.9							
AR	Saline	207421	2.3	0.9							
AR	Saline	197819	2.3	0.9							
AR	Saline	187945	2.3	0.9							
AR	Saline	202696	2.3	0.9							
AR	Saline	198284	2.3	0.9							
AR	Saline	231906	2.3	0.9							
AR	Saline	223715	2.3	0.9							
AR	Saline	198864	2.1	0.6							
AR	Saline	197939	2.1	0.6							
AR	Saline	191885	2.1	0.6							
AR	Saline	200636	1.9	0.7							
AR	Saline	241027	1.9	0.7							
AR	Saline	173511	1.9	0.7							
AR	Saline	191978	2.2	0.8							
AR	Saline	206501	2.2	0.8							
AR	Saline	199988	2.2	0.8							
AR	Saline	198204	2.2	0.8							
AR	Saline	206501	2.2	0.8							
AR	Saline	194964	2.2	0.8							
AR	Saline	201347	2.2	0.8							
AR	Sebastian	237263	1.4	0.4							
AR	Sebastian	238000	1.4	0.4							
AR	Sebastian	227000	1.4	0.4							
AR	Sebastian	243026	1.4	0.4							
AR	Sebastian	221000	1.4	0.4							
AR	Washington	343727	1.3	0.4							
AR	Washington	323841	1.3	0.4							
AR	Washington	326842	1.3	0.4							
AR	Washington	345204	1.3	0.4							
AR	Washington	337878	1.3	0.4							
AR	Washington	340411	1.3	0.4							
AR	Washington	280458	1.2	0.3							
AR	Washington	269945	1.2	0.3							
AR	Washington	275202	1.2	0.3							
AR	Washington	275803	1.2	0.3							
AR	Washington	265501	1.3	0.4							
AR	White	171000	2.4	0.8							
AR	White	220602	2.4	0.8							
AR	White	173462	2.4	0.8							
AR	White	220602	2.4	0.8							
AR	White	173866	2.4	0.8							
AR	White	175299	2.4	0.8							
AR	White	224247	2.6	1.1							
AR	White	229637	2.6	1.1							
AR	White	227951	2.6	1.1							
AR	White	221257	2.6	1.1							
AZ	Maricopa	385264	-0.6	-0.1							
AZ	Pinal	485262	-0.6	0.1							
CO	Adams	453600	0.3	-0.1							
CO	Adams	441900	0.3	-0.1							
CO	Adams	430000	0.3	-0.1							
CO	Adams	432000	0.3	-0.1							
CO	El Paso	482315	0.1	0.6							
CO	El Paso	484995	0.1	0.6							
DE	Kent	292385	2.4	1.3							
DE	Kent	292385	2.4	1.3							
DE	Kent	359936	2.4	1.3							
DE	Kent	343557	2.4	1.3							
DE	Kent	347492	2.4	1.3							
DE	Kent	491801	2.1	0.7							
DE	Kent	452497	2.1	0.7							
DE	New Castle	292385	1.5	0.8							
DE	New Castle	292385	1.5	0.8							
FL	Alachua	295600	-1.8	-0.3							
FL	Alachua	216200	-1.8	-0.3							
FL	Alachua	215900	-1.8	-0.3							
FL	Alachua	217400	-1.8	-0.3							
FL	Alachua	218200	-1.8	-0.3							
FL	Alachua	302000	-1.8	-0.3							
FL	Alachua	287600	-1.8	-0.3							
FL	Alachua	285000	-1.8	-0.3							
FL	Alachua	291300	-1.8	-0.3							
FL	Alachua	289800	-1.8	-0.3							
FL	Alachua	284600	-1.8	-0.3							
FL	Alachua	295100	-1.8	-0.3							
FL	Alachua	258500	-1.9	-0.2							
FL	Alachua	258000	-1.9	-0.2							
FL	Alachua	258000	-1.9	-0.2							
FL	Alachua	258000	-1.9	-0.2							
FL	Bay	265466	0.3	0.4							
FL	Bay	270265	0.3	0.4							
FL	Bay	256050	0.3	0.4							
FL	Bay	261971	0.3	0.4							
FL	Bay	315115	0.3	0.4							
FL	Bay	319603	0.3	0.4							
FL	Bay	330938	0.3	0.4							
FL	Bay	269842	0.3	0.4							
FL	Bay	277813	0.3	0.4							
FL	Bay	268860	0.3	0.4							
FL	Bay	271617	0.3	0.4							
FL	Bay	243743	0.3	-0.2							
FL	Bay	302162	0.3	-0.2							
FL	Brevard	298374	-0.5	0.2							
FL	Brevard	298374	-0.5	0.2							
FL	Brevard	357255	-0.5	0.2							
FL	Brevard	336619	-0.5	0.2							
FL	Brevard	359636	-0.5	0.2							
FL	Brevard	298374	-0.5	0.2							
FL	Brevard	298374	-0.5	0.2							
FL	Brevard	346165	-0.5	0.2							
FL	Brevard	354228	-0.5	0.2							
FL	Brevard	357900	-0.5	0.2							
FL	Brevard	341392	-0.5	0.2							
FL	Charlotte	310200	0.6	0.9							
FL	Duval	309275	0.6	0.7							
FL	Duval	275616	0.6	0.7							
FL	Duval	270641	0.6	0.7							
FL	Duval	271746	0.6	0.7							
FL	Duval	271695	0.6	0.7							
FL	Duval	271261	0.6	0.7							
FL	Duval	275868	0.6	0.7							
FL	Duval	373337	0.6	0.1							
FL	Escambia	268400	0.9	0.4							
FL	Escambia	268700	0.9	0.4							
FL	Hillsborough	321828	0.2	0.0							
FL	Lee	300645	-1.0	0.2							
FL	Lee	308048	-1.1	0.2							
FL	Lee	300603	-1.1	0.2							
FL	Lee	204970	-1.1	0.1							
FL	Lee	207026	-1.1	0.1							
FL	Lee	201105	-1.1	0.1							
FL	Lee	306293	-1.1	0.1							
FL	Lee	249644	-1.1	0.1							
FL	Lee	247675	-1.1	0.1							
FL	Lee	249482	-1.1	0.1							
FL	Lee	198076	-1.1	0.1							
FL	Lee	198323	-1.1	0.1							
FL	Manatee	338363	0.1	0.3							
FL	Manatee	344734	0.1	0.3							
FL	Marion	325048	-1.6	0.1							
FL	Marion	354733	-1.6	0.1							
FL	Marion	317830	-1.6	0.1							
FL	Marion	320854	-1.6	0.1							
FL	Marion	309642	-1.6	0.1							
FL	Marion	309770	-1.6	0.1							
FL	Marion	337344	-1.6	0.1							
FL	Marion	304743	-1.6	0.1							
FL	Marion	290351	-2.1	-0.4							
FL	Marion	270776	-2.1	-0.4							
FL	Marion	289012	-2.1	-0.4							
FL	Marion	292516	-2.1	-0.4							
FL	Marion	270776	-2.1	-0.4							
FL	Marion	263745	-2.1	-0.1							
FL	Marion	248507	-2.4	-0.3							
FL	Marion	252146	-2.1	-0.1							
FL	Marion	223942	-2.1	-0.1							
FL	Marion	249684	-2.1	-0.1							
FL	Marion	247690	-2.1	-0.1							
FL	Marion	224743	-2.1	-0.1							
FL	Marion	268033	-1.9	-0.2							
FL	Marion	266904	-1.9	-0.2							
FL	Marion	262995	-1.9	-0.2							
FL	Marion	273393	-2.1	-0.3							
FL	Marion	203852	-1.9	-0.2							
FL	Marion	205440	-1.9	-0.2							
FL	Marion	235192	-1.9	-0.2							
FL	Marion	266721	-2.4	-0.3							
FL	Marion	269786	-2.4	-0.3							
FL	Marion	270786	-1.9	-0.2							
FL	Marion	271560	-1.9	-0.2							
FL	Marion	299034	-1.9	-0.2							
FL	Marion	281047	-1.9	-0.2							
FL	Marion	255973	-1.9	-0.2							
FL	Marion	281066	-1.9	-0.2							
FL	Marion	293033	-1.9	-0.2							
FL	Marion	314313	-1.9	-0.2							
FL	Marion	298030	-1.9	-0.2							
FL	Marion	273510	-1.9	-0.2							
FL	Marion	295050	-1.9	-0.2							
FL	Marion	273883	-1.9	-0.2							
FL	Marion	301250	-1.9	-0.2							
FL	Marion	212527	-1.9	-0.2							
FL	Marion	227300	-1.9	-0.2							
FL	Okaloosa	290900	0.1	0.6							
FL	Okaloosa	277500	0.1	0.6							
FL	Pasco	349400	0.3	0.2							
FL	Pasco	369200	0.3	0.2							
FL	Pasco	409300	0.3	0.2							
FL	Pasco	235600	0.2	0.1							
FL	Polk	267850	-0.6	-0.2							
FL	Polk	263097	-0.6	-0.2							
FL	Polk	266533	-0.6	-0.2							
FL	Polk	274313	-0.4	-0.1							
FL	Polk	242371	-0.4	-0.1							
FL	Polk	263087	-0.5	0.2							
FL	Santa Rosa	285509	0.8	0.4							
FL	Santa Rosa	261189	0.8	0.4							
FL	Santa Rosa	254945	0.8	0.4							
FL	Santa Rosa	263012	0.8	0.4							
FL	Santa Rosa	267083	0.8	0.4							
FL	Santa Rosa	266789	0.8	0.4							
FL	Santa Rosa	282316	0.8	0.5							
FL	Santa Rosa	242135	0.9	0.6							
FL	Santa Rosa	257494	0.9	0.6							
FL	Santa Rosa	254122	0.9	0.6							
FL	Santa Rosa	247698	0.9	0.6							
FL	Santa Rosa	266366	0.8	0.4							
FL	Walton	218744	-0.4	0.3							
FL	Walton	239947	-0.4	0.3							
FL	Walton	227197	-0.4	0.3							
FL	Walton	331548	0.1	-0.1							
FL	Walton	329629	0.1	-0.1							
FL	Walton	333953	0.1	-0.1							
FL	Walton	328836	0.1	-0.1							
FL	Walton	322776	0.1	-0.1							
GA	Bulloch	269367	0.1	-0.4							
GA	Clarke	406704	2.0	0.5							
GA	Clarke	385210	2.0	0.5							
GA	Clarke	392203	2.0	0.5							
GA	Clarke	408586	2.0	0.5							
GA	Gwinnett	468143	0.8	0.2							
GA	Gwinnett	473061	0.8	0.2							
GA	Gwinnett	343357	0.8	0.2							
GA	Gwinnett	343357	0.8	0.2							
GA	Gwinnett	343357	0.8	0.2							
GA	Gwinnett	343357	0.6	0.4							
GA	Gwinnett	343357	0.6	0.4							
GA	Gwinnett	385512	0.6	0.4							
GA	Gwinnett	343357	0.6	0.4							
GA	Gwinnett	343357	0.6	0.4							
GA	Gwinnett	337192	0.6	0.4							
GA	Gwinnett	339004	0.6	0.4							
GA	Gwinnett	342229	0.6	0.4							
GA	Gwinnett	343357	0.6	0.4							
GA	Gwinnett	342229	0.6	0.4							
GA	Houston	314400	3.0	0.8							
GA	Houston	326000	3.0	0.8							
GA	Houston	321200	3.0	0.8							
GA	Houston	342900	3.0	0.8							
GA	Houston	343357	3.2	0.8							
GA	Houston	299400	3.2	0.8							
GA	Houston	343357	3.2	0.8							
GA	Houston	264517	3.2	0.8							
GA	Houston	279518	3.2	0.8							
GA	Houston	343357	3.2	0.8							
GA	Houston	296979	3.2	0.8							
GA	Houston	289601	3.2	0.8							
GA	Houston	274354	3.2	0.8							
GA	Houston	286650	3.2	0.8							
GA	Houston	343357	3.2	0.8							
GA	Houston	297471	3.2	0.8							
GA	Houston	270700	3.2	0.8							
GA	Houston	270419	3.2	0.8							
GA	Houston	288500	3.2	0.8							
GA	Houston	306500	3.2	0.8							
GA	Houston	255664	3.7	1.2							
GA	Houston	261074	3.7	1.2							
GA	Houston	290093	3.7	1.2							
GA	Houston	269140	3.7	1.2							
GA	Houston	299438	3.7	1.2							
GA	Houston	271796	3.7	1.2							
GA	Houston	284191	3.7	1.2							
GA	Oconee	605595	1.6	0.3							
GA	Oconee	592926	1.6	0.3							
GA	Troup	274872	2.7	0.7							
GA	Troup	266200	2.7	0.7							
GA	Troup	335661	2.7	0.7							
GA	Troup	271815	2.7	0.7							
GA	Troup	281601	2.7	0.7							
GA	Troup	260682	2.7	0.7							
ID	Canyon	292385	0.3	0.8							
ID	Canyon	292385	0.3	0.8							
ID	Canyon	292385	0.3	0.8							
ID	Canyon	292385	0.3	0.8							
ID	Canyon	292385	0.3	0.8							
ID	Canyon	292385	0.3	0.8							
ID	Canyon	292385	0.3	0.8							
IN	Hamilton	393475	1.5	1.0							
IN	Hamilton	292385	1.5	1.0							
IN	Hamilton	292385	1.5	1.0							
IN	Hamilton	344290	1.5	1.0							
IN	Hamilton	405275	1.5	1.0							
IN	Marion	298051	1.2	0.4							
IN	Marion	292385	1.2	0.4							
IN	Marion	359046	1.2	0.4							
IN	Marion	292385	1.2	0.4							
MN	Anoka	461991	0.8	0.7							
MN	Carver	344435	0.9	0.8							
MN	Carver	515204	0.9	0.8							
MN	Carver	515204	0.9	0.8							
MN	Dakota	321607	0.7	0.6							
MN	Dakota	323841	0.7	0.6							
MN	Dakota	396147	0.7	0.6							
MN	Dakota	422700	0.7	0.6							
MN	Dakota	311198	0.6	0.6							
MN	Scott	504984	0.7	0.6							
MN	Washington	347241	1.0	0.9							
MN	Wright	424058	0.7	0.4							
MN	Wright	425388	0.7	0.4							
MN	Wright	426719	0.7	0.4							
MN	Wright	425388	0.7	0.4							
MN	Wright	477254	0.9	0.5							
MN	Wright	420618	0.9	0.5							
NC	Alamance	328500	0.1	-0.1							
NC	Alamance	338500	0.1	-0.1							
NC	Alamance	244000	0.1	-0.1							
NC	Brunswick	350000	1.1	-0.1							
NC	Brunswick	384000	1.1	-0.1							
NC	Brunswick	341000	1.1	-0.1							
NC	Brunswick	342000	1.1	-0.1							
NC	Brunswick	345000	1.1	-0.1							
NC	Brunswick	341000	1.1	-0.1							
NC	Brunswick	344500	1.1	-0.1							
NC	Brunswick	346000	1.1	-0.1							
NC	Brunswick	345000	1.1	-0.1							
NC	Brunswick	341000	1.1	-0.1							
NC	Brunswick	344500	1.1	-0.1							
NC	Brunswick	345000	1.1	-0.1							
NC	Brunswick	354500	1.1	-0.1							
NC	Catawba	297000	1.2	1.0							
NC	Catawba	307000	1.2	1.0							
NC	Catawba	313500	1.2	1.0							
NC	Catawba	326500	1.2	1.0							
NC	Catawba	323500	1.2	1.0							
NC	Catawba	314000	1.2	1.0							
NC	Catawba	293500	1.2	1.0							
NC	Catawba	320000	1.2	1.0							
NC	Catawba	297500	1.2	1.0							
NC	Catawba	314000	1.2	1.0							
NC	Catawba	313500	1.2	1.0							
NC	Catawba	303000	1.2	1.0							
NC	Catawba	290000	1.2	1.0							
NC	Catawba	321500	1.2	1.0							
NC	Catawba	321000	1.2	1.0							
NC	Catawba	313500	1.2	1.0							
NC	Catawba	295000	1.2	1.0							
NC	Catawba	317000	1.2	1.0							
NC	Franklin	439000	-0.3	0.0							
NC	Gaston	326573	0.9	0.7							
NC	Gaston	326573	0.9	0.7							
NC	Gaston	326573	0.9	0.7							
NC	Harnett	245000	0.3	-0.1							
NC	Harnett	247000	0.3	-0.1							
NC	Harnett	240000	0.3	-0.1							
NC	Harnett	246000	0.3	-0.1							
NC	Harnett	231500	0.5	0.1							
NC	Harnett	230500	0.5	0.1							
NC	Harnett	229000	0.5	0.1							
NC	Harnett	231500	0.5	0.1							
NC	Harnett	234000	0.5	0.1							
NC	Johnston	316500	-0.3	0.0							
NC	Johnston	313500	-0.3	0.0							
NC	Johnston	327000	-0.3	0.0							
NC	Johnston	318000	-0.3	0.0							
NC	Johnston	339500	-0.4	-0.1							
NC	Johnston	338000	-0.4	-0.1							
NC	Johnston	345000	-0.4	-0.1							
NC	Johnston	342500	-0.4	-0.1							
NC	Johnston	352500	-0.4	-0.1							
NC	Lee	326573	1.0	0.8							
NC	Lee	326573	1.0	0.8							
NC	Lee	326573	1.0	0.8							
NC	Lee	326573	1.0	0.8							
NC	Lee	326573	1.0	0.8							
NC	Lee	326573	1.0	0.8							
NC	Lee	326573	1.0	0.8							
NC	Lee	326573	1.0	0.8							
NC	Wake	399500	0.3	-0.1							
NC	Wake	368500	0.3	-0.1							
NC	Wake	406500	0.3	-0.1							
NC	Wake	342000	-0.2	0.2							
NC	Wake	311500	-0.4	0.1							
NC	Wake	526000	-0.4	0.1							
NC	Wake	394000	-0.4	0.0							
NC	Wake	335500	-0.2	0.1							
NC	Wake	323000	-0.1	0.3							
NC	Wake	322500	-0.1	0.3							
NC	Wake	336500	-0.2	0.1							
NC	Wake	317000	-0.2	0.1							
NC	Wake	330000	-0.2	0.1							
NC	Wake	330000	-0.2	0.1							
NC	Wake	316000	-0.2	0.1							
NC	Wake	311500	-0.2	0.1							
NC	Wake	350000	-0.2	0.1							
NC	Wake	351500	-0.1	0.3							
NC	Wake	340000	-0.1	0.3							
NC	Wake	348000	-0.1	0.3							
NC	Wake	340000	-0.1	0.3							
NC	Wake	310000	-0.1	0.3							
NC	Wake	305000	-0.1	0.3							
NC	Wake	344500	-0.1	0.3							
NC	Wake	372500	-0.2	0.1							
NC	Wake	376000	-0.2	0.1							
NC	Wake	368500	-0.2	0.1							
NC	Wake	418500	-0.2	0.1							
NC	Wilson	303000	0.1	0.2							
OK	Creek	201500	1.9	0.7							
OK	Creek	201500	1.9	0.7							
OK	Creek	221750	1.9	0.4							
OK	Creek	221750	1.9	0.4							
OK	Grady	229500	1.5	-0.2							
OK	Grady	228000	1.5	-0.2							
OK	Grady	228500	1.5	-0.2							
OK	Grady	247524	1.5	-0.2							
OK	Grady	243500	1.5	-0.2							
OK	Grady	228000	1.5	-0.2							
OK	Lincoln	247524	1.7	0.4							
OK	Lincoln	247524	1.7	0.4							
OK	Lincoln	247524	1.7	0.4							
OK	Lincoln	247524	1.7	0.4							
OK	Lincoln	247524	1.7	0.4							
OK	Lincoln	247524	1.7	0.4							
OK	Lincoln	247524	1.7	0.4							
OK	Lincoln	247524	1.7	0.4							
OK	Lincoln	247524	1.7	0.4							
OK	Lincoln	247524	1.7	0.4							
OK	Lincoln	247524	1.7	0.4							
OK	Lincoln	247524	1.7	0.4							
OK	Lincoln	247524	1.7	0.4							
OK	Lincoln	247524	1.7	0.4							
OK	Lincoln	247524	1.7	0.4							
OK	Lincoln	247524	1.7	0.4							
OK	Lincoln	247524	1.7	0.4							
OK	Lincoln	247524	1.7	0.4							
OK	Lincoln	247524	1.7	0.4							
OK	Logan	211102	1.8	-0.1							
OK	Logan	247524	1.8	-0.1							
OK	Logan	247524	1.8	-0.1							
OK	Logan	247524	1.8	-0.1							
OK	Logan	247524	1.8	-0.1							
OK	Logan	247524	1.8	-0.1							
OK	McClain	235104	1.4	0.0							
OK	McClain	231563	1.4	0.0							
OK	Oklahoma	259000	1.6	0.5							
OK	Oklahoma	272000	1.6	0.5							
OK	Oklahoma	286000	1.6	0.5							
OK	Oklahoma	266000	1.6	0.5							
OK	Oklahoma	294000	1.6	0.5							
OK	Oklahoma	233000	1.3	0.1							
OK	Payne	244500	2.2	0.7							
OK	Payne	242000	2.2	0.7							
OK	Payne	236500	2.2	0.7							
OK	Payne	246000	2.2	0.7							
OK	Pottawatomie	235747	3.0	0.3							
OK	Pottawatomie	211151	3.0	0.3							
OK	Pottawatomie	247524	3.0	0.3							
OK	Pottawatomie	223988	3.0	0.3							
OK	Pottawatomie	217299	3.0	0.3							
OK	Pottawatomie	247524	3.0	0.3							
OK	Pottawatomie	247524	3.0	0.3							
OK	Pottawatomie	228514	3.0	0.3							
OK	Pottawatomie	220447	3.0	0.3							
OK	Pottawatomie	247524	3.0	0.3							
OK	Pottawatomie	215775	3.0	0.3							
OK	Pottawatomie	220447	3.0	0.3							
OK	Pottawatomie	250007	3.0	0.3							
OK	Pottawatomie	224833	3.0	0.3							
OK	Pottawatomie	187769	3.0	0.3							
OK	Pottawatomie	247524	3.0	0.3							
OK	Pottawatomie	247524	3.0	0.3							
OK	Pottawatomie	201462	3.0	0.3							
OK	Tulsa	307500	2.1	0.6							
OK	Tulsa	307500	2.1	0.6							
SC	Dorchester	249716	1.1	0.3							
SC	Dorchester	250528	1.1	0.3							
SC	Dorchester	253240	1.1	0.3							
SC	Dorchester	250359	1.1	0.3							
SC	Dorchester	246448	1.1	0.3							
SC	Dorchester	245800	1.1	0.3							
SC	Dorchester	249427	1.1	0.3							
SC	Dorchester	251755	1.1	0.3							
SC	Florence	265011	1.8	0.5							
SC	Florence	265011	1.8	0.5							
SC	Florence	265011	1.8	0.5							
SC	Florence	265011	1.8	0.5							
SC	Florence	265011	1.8	0.5							
SC	Florence	265011	1.8	0.5							
SC	Florence	265011	1.8	0.5							
SC	Florence	265011	1.8	0.5							
SC	Florence	265011	1.8	0.5							
SC	Florence	265011	1.8	0.5							
SC	Florence	265011	1.8	0.5							
SC	Florence	265011	1.8	0.5							
SC	Florence	265011	1.8	0.5							
SC	Florence	265011	1.8	0.5							
SC	Florence	265011	1.8	0.5							
SC	Horry	270938	0.9	-0.1							
SC	Horry	270938	0.9	-0.1							
SC	Horry	272994	1.0	0.2							
SC	Horry	274883	1.0	0.2							
SC	Horry	270584	1.0	0.2							
SC	Horry	278120	1.0	0.2							
SC	Horry	277390	1.0	0.2							
SC	Horry	276968	1.0	0.2							
SC	Horry	271137	1.0	0.2							
SC	Horry	274055	1.0	0.2							
SC	Horry	273898	1.0	0.2							
SC	Horry	272920	1.0	0.2							
SC	Horry	270236	1.0	0.2							
SC	Horry	276712	1.0	0.2							
SC	Horry	278294	1.0	0.2							
SC	Horry	272260	1.0	0.2							
SC	Horry	277815	1.0	0.2							
SC	Horry	235336	0.9	0.1							
SC	Horry	274621	1.0	0.2							
SC	Horry	275507	1.0	0.2							
SC	Horry	244652	0.9	0.1							
SC	Horry	270989	1.0	0.2							
SC	Horry	247218	0.9	0.1							
SC	Horry	275811	1.0	0.2							
SC	Horry	275677	1.0	0.2							
SC	Horry	283671	1.0	0.2							
SC	Horry	271183	1.0	0.2							
SC	Jasper	251326	0.8	-0.3							
SC	Jasper	285744	0.8	-0.3							
SC	Jasper	319832	0.8	-0.3							
SC	Jasper	374388	0.8	-0.3							
SC	Jasper	315124	0.8	-0.3							
SC	Jasper	355827	0.8	-0.3							
SC	Jasper	342489	0.8	-0.3							
SC	Laurens	171703	0.5	0.2							
SC	Laurens	171764	0.5	0.2							
SC	Laurens	169389	0.5	0.2							
SC	Laurens	175293	0.5	0.2							
SC	Laurens	172822	0.5	0.2							
SC	Laurens	174631	0.5	0.2							
SC	Laurens	172034	0.5	0.2							
SC	Laurens	171758	0.5	0.2							
SC	Laurens	230839	0.5	0.2							
SC	Laurens	228773	0.5	0.2							
SC	Laurens	232278	0.5	0.2							
SC	Laurens	234201	0.5	0.2							
SC	Laurens	300840	0.8	-0.1							
SC	Laurens	285334	0.8	-0.1							
SC	Lexington	297888	0.8	1.6							
SC	Lexington	294180	0.8	1.6							
SC	Lexington	283197	0.8	1.6							
SC	Lexington	278305	0.8	1.6							
SC	Lexington	270165	0.8	1.6							
SC	Lexington	302449	0.8	1.6							
SC	Lexington	283733	0.8	1.6							
SC	Lexington	288198	0.8	1.6							
SC	Lexington	282890	0.8	1.6							
SC	Lexington	300450	0.8	1.6							
SC	Lexington	292639	0.8	1.6							
SC	Lexington	189323	1.5	1.1							
SC	Lexington	189839	1.5	1.1							
SC	Lexington	191332	1.5	1.1							
SC	Lexington	189298	1.5	1.1							
SC	Lexington	187651	1.5	1.1							
SC	Lexington	186151	1.5	1.1							
SC	Lexington	189049	1.5	1.1							
SC	Lexington	188579	1.5	1.1							
SC	Lexington	188894	1.5	1.1							
SC	Lexington	188848	1.5	1.1							
SC	Lexington	187249	1.5	1.1							
SC	Lexington	187348	1.5	1.1							
SC	Lexington	374737	1.5	1.1							
SC	Lexington	385692	1.5	1.1							
SC	Lexington	350814	1.5	1.1							
SC	Lexington	367414	1.5	1.1							
SC	Lexington	376568	1.5	1.1							
SC	Lexington	366802	1.5	1.1							
SC	Lexington	368251	1.5	1.1							
SC	Spartanburg	304778	0.5	1.2							
SC	Spartanburg	298003	0.5	1.2							
SC	Spartanburg	321099	0.5	1.2							
SC	Spartanburg	294364	0.5	1.2							
SC	Spartanburg	318545	0.5	1.2							
SC	Spartanburg	297565	0.5	1.2							
SC	Spartanburg	177065	0.8	0.4							
SC	Spartanburg	179032	0.8	0.4							
SC	Spartanburg	271227	0.8	0.6							
SC	Spartanburg	241006	0.8	0.6							
SC	Spartanburg	260680	0.8	0.6							
SC	Spartanburg	265011	0.8	0.6							
SC	Spartanburg	265011	0.8	0.6							
SC	Spartanburg	255761	0.8	0.6							
SC	York	343790	0.4	0.2							
SC	York	344979	0.4	0.2							
SC	York	340620	0.4	0.2							
SC	York	346887	0.4	0.2							
SC	York	252897	0.4	0.2							
SC	York	253343	0.4	0.2							
SC	York	251335	0.4	0.2							
SC	York	249345	0.4	0.2							
SC	York	248756	0.4	0.2							
SC	York	248866	0.4	0.2							
SC	York	249397	0.4	0.2							
SC	York	247090	0.4	0.2							
SC	York	245415	0.4	0.2							
TN	Bradley	322602	0.7	0.2							
TN	Bradley	321027	0.7	0.2							
TN	Bradley	329826	0.7	0.2							
TN	Bradley	325023	0.7	0.2							
TN	Bradley	325023	0.7	0.2							
TN	Bradley	363123	0.7	0.2							
TN	Bradley	374768	0.7	0.1							
TN	Bradley	370082	0.7	0.1							
TN	Davidson	583562	-0.2	0.4							
TN	Hamilton	321051	-0.1	0.2							
TN	Hamilton	319239	-0.1	0.2							
TN	Hamilton	315259	-0.1	0.2							
TN	Hamilton	314537	-0.1	0.2							
TN	Hamilton	324855	-0.1	0.2							
TN	Hamilton	252861	-0.1	0.2							
TN	Hamilton	254756	-0.1	0.2							
TN	Montgomery	414539	0.2	0.5							
TN	Rutherford	416007	0.1	0.3							
TN	Rutherford	510476	0.1	0.4							
TN	Rutherford	342438	0.1	0.3							
TN	Sumner	474599	0.1	0.3							
TN	Sumner	322634	0.2	0.7							
TN	Sumner	325330	0.2	0.7							
TN	Sumner	313632	0.2	0.7							
TN	Wilson	540817	0.1	0.4							
TX	Bell	292385	-1.1	-0.3							
TX	Bexar	292385	-0.7	0.1							
TX	Bexar	292385	-0.7	0.1							
TX	Bexar	209527	-0.8	-0.3							
TX	Bexar	221332	-0.8	-0.3							
TX	Bexar	202641	-0.8	-0.3							
TX	Bexar	269041	-0.8	-0.3							
TX	Bexar	266090	-0.8	-0.3							
TX	Bexar	203625	-0.8	-0.3							
TX	Bexar	218380	-0.8	-0.3							
TX	Bexar	195755	-0.8	-0.3							
TX	Bexar	292385	-0.8	-0.3							
TX	Bexar	229201	-0.8	-0.3							
TX	Bexar	207560	-0.8	-0.3							
TX	Bexar	220348	-0.8	-0.3							
TX	Bexar	242973	-0.8	-0.3							
TX	Bexar	192066	-0.5	-0.1							
TX	Bexar	165507	-0.5	-0.1							
TX	Bexar	190837	-0.5	-0.1							
TX	Bexar	160588	-0.5	-0.1							
TX	Bexar	156653	-0.5	-0.1							
TX	Bexar	145587	-0.5	-0.1							
TX	Bexar	134766	-0.5	-0.1							
TX	Bexar	133782	-0.5	-0.1							
TX	Bexar	126896	-0.5	-0.1							
TX	Bexar	133782	-0.5	-0.1							
TX	Bexar	146570	-0.5	-0.1							
TX	Bexar	146570	-0.5	-0.1							
TX	Bexar	144603	-0.5	-0.1							
TX	Bexar	149521	-0.5	-0.1							
TX	Bexar	159358	-0.5	-0.1							
TX	Bexar	169195	-0.5	-0.1							
TX	Bexar	273222	-0.4	0.7							
TX	Bexar	254777	-0.4	0.7							
TX	Bexar	235595	-0.4	0.7							
TX	Bexar	242481	-0.4	0.7							
TX	Bexar	150506	-1.1	1.5							
TX	Bexar	157392	-1.1	1.5							
TX	Bexar	149521	-1.1	1.5							
TX	Bexar	218380	-0.4	0.7							
TX	Bexar	167228	-1.1	1.5							
TX	Bexar	174114	-0.6	0.1							
TX	Bexar	235103	-0.5	0.1							
TX	Bexar	212478	-1.0	0.6							
TX	Bexar	197723	-1.0	0.6							
TX	Bexar	203625	-1.0	0.6							
TX	Bexar	198706	-1.0	0.6							
TX	Bexar	206576	-1.0	0.6							
TX	Bexar	256745	-0.5	0.1							
TX	Bexar	199690	-1.0	0.6							
TX	Bexar	147554	-0.4	0.2							
TX	Bexar	176081	-0.4	0.2							
TX	Bexar	164277	-0.4	0.2							
TX	Bexar	156407	-0.4	0.2							
TX	Bexar	147554	-0.4	0.2							
TX	Bexar	292385	-0.4	0.2							
TX	Bexar	155424	-0.4	0.2							
TX	Bexar	183951	-0.4	0.2							
TX	Bexar	190837	-0.4	0.2							
TX	Bexar	142636	-0.4	0.2							
TX	Bexar	178049	-0.4	0.2							
TX	Bexar	179032	-0.4	0.2							
TX	Bexar	176081	-0.4	0.2							
TX	Bexar	212478	-1.3	1.0							
TX	Bexar	212478	-1.0	0.3							
TX	Bexar	211495	-1.0	0.3							
TX	Bexar	230578	-0.5	0.1							
TX	Bexar	199690	-0.7	0.3							
TX	Bexar	292385	-0.7	0.3							
TX	Bexar	267074	-0.5	0.1							
TX	Bexar	202641	-0.4	0.6							
TX	Bexar	176081	-0.4	0.6							
TX	Bexar	150505	-0.4	0.6							
TX	Bexar	187886	-0.4	0.6							
TX	Bexar	201658	-0.4	0.6							
TX	Bexar	162310	-0.4	0.6							
TX	Bexar	163293	-0.4	0.6							
TX	Bexar	292385	-0.8	-0.1							
TX	Bexar	159358	-0.8	-0.1							
TX	Bexar	184935	-0.8	-0.1							
TX	Bexar	149521	-0.8	-0.1							
TX	Bexar	139684	-0.8	-0.1							
TX	Bexar	139684	-0.8	-0.1							
TX	Bexar	159358	-0.8	-0.1							
TX	Bexar	139684	-0.8	-0.1							
TX	Bexar	211495	-0.8	-0.1							
TX	Bexar	238054	-0.7	0.3							
TX	Brazoria	292385	0.0	0.3							
TX	Brazoria	292385	0.0	0.3							
TX	Brazoria	292385	0.0	0.3							
TX	Brazoria	292385	0.0	0.3							
TX	Brazoria	292385	0.0	0.3							
TX	Brazoria	292385	0.0	0.3							
TX	Brazoria	292385	0.0	0.3							
TX	Brazoria	292385	0.0	0.3							
TX	Brazoria	292385	0.0	0.3							
TX	Brazoria	292385	0.0	0.3							
TX	Brazoria	292385	0.0	0.3							
TX	Brazoria	292385	0.0	0.3							
TX	Brazoria	292385	0.0	0.3							
TX	Brazoria	292385	0.0	0.3							
TX	Brazoria	292385	0.0	0.3							
TX	Brazoria	292385	0.0	0.3							
TX	Brazos	318709	0.2	0.1							
TX	Brazos	292385	0.2	0.1							
TX	Brazos	292385	0.2	0.1							
TX	Burnet	237071	-2.1	0.1							
TX	Burnet	257728	-2.1	0.1							
TX	Collin	292385	-0.9	-0.4							
TX	Collin	139684	-0.9	-0.4							
TX	Collin	292385	-0.9	-0.4							
TX	Collin	292385	-0.9	-0.4							
TX	Collin	292385	-0.9	-0.4							
TX	Collin	292385	-0.9	-0.4							
TX	Collin	292385	-0.9	-0.4							
TX	Collin	171163	-0.9	-0.4							
TX	Collin	292385	-0.9	-0.4							
TX	Collin	292385	-0.9	-0.4							
TX	Collin	292385	-0.9	-0.4							
TX	Collin	292385	-0.9	-0.4							
TX	Collin	154440	-0.9	-0.4							
TX	Collin	292385	-0.9	-0.4							
TX	Collin	292385	-0.9	-0.4							
TX	Collin	292385	-0.9	-0.4							
TX	Collin	292385	-0.9	-0.4							
TX	Collin	292385	-0.9	-0.4							
TX	Collin	337408	-0.9	-0.4							
TX	Collin	332490	-0.9	-0.4							
TX	Collin	298060	-0.9	-0.4							
TX	Collin	292385	-0.9	-0.4							
TX	Collin	292385	-0.9	-0.4							
TX	Collin	292385	-0.9	-0.4							
TX	Collin	295109	-0.9	-0.4							
TX	Collin	255269	-0.9	-0.4							
TX	Collin	292385	-0.9	-0.4							
TX	Collin	292385	-0.9	-0.4							
TX	Collin	292385	-0.9	-0.4							
TX	Collin	292385	-0.9	-0.4							
TX	Collin	292385	-0.9	-0.4							
TX	Collin	292385	-0.9	-0.4							
TX	Collin	292385	-0.9	-0.4							
TX	Collin	292385	-0.9	-0.4							
TX	Collin	292385	-0.9	-0.4							
TX	Collin	292385	-0.9	-0.4							
TX	Collin	292385	-0.9	-0.4							
TX	Collin	187886	-0.9	-0.4							
TX	Collin	292385	-0.9	-0.4							
TX	Collin	292385	-0.9	-0.4							
TX	Collin	292385	-0.9	-0.4							
TX	Collin	205592	-0.9	-0.4							
TX	Collin	192804	-0.9	-0.4							
TX	Collin	292385	-0.9	-0.4							
TX	Collin	311832	-0.9	-0.4							
TX	Collin	292385	-0.9	-0.4							
TX	Collin	292385	-0.9	-0.4							
TX	Collin	196739	-0.9	-0.4							
TX	Collin	292385	-0.9	-0.4							
TX	Collin	292385	-0.9	-0.4							
TX	Comal	218380	-0.7	-0.1							
TX	Comal	239038	-0.7	-0.1							
TX	Comal	246908	-0.7	-0.1							
TX	Comal	253794	-0.7	-0.1							
TX	Comal	267565	-0.7	-0.1							
TX	Comal	217397	-0.7	-0.1							
TX	Comal	270517	-0.7	-0.1							
TX	Comal	219364	-0.7	-0.1							
TX	Comal	241006	-0.7	-0.1							
TX	Comal	253794	-0.7	-0.1							
TX	Comal	240022	-0.7	-0.1							
TX	Comal	240022	-0.7	-0.1							
TX	Comal	247891	-0.7	-0.1							
TX	Comal	232152	-0.7	-0.1							
TX	Comal	223299	-0.7	-0.1							
TX	Comal	237071	-0.7	-0.1							
TX	Comal	249859	-0.7	-0.1							
TX	Comal	221332	-0.7	-0.1							
TX	Dallas	292385	0.6	0.2							
TX	Dallas	292385	0.6	0.2							
TX	Dallas	292385	0.6	0.2							
TX	Fort Bend	292385	0.2	0.4							
TX	Fort Bend	240997	-0.3	0.0							
TX	Fort Bend	227226	-0.3	0.0							
TX	Fort Bend	214437	-0.3	0.0							
TX	Fort Bend	194764	-0.3	0.0							
TX	Fort Bend	214437	-0.3	0.0							
TX	Fort Bend	202632	-0.3	0.0							
TX	Grayson	292385	-2.9	-0.8							
TX	Grayson	292385	-2.9	-0.8							
TX	Grayson	292385	-2.9	-0.8							
TX	Grayson	292385	-2.9	-0.8							
TX	Grayson	292385	-2.9	-0.8							
TX	Grayson	292385	-2.9	-0.8							
TX	Grayson	292385	-2.9	-0.8							
TX	Grayson	292385	-2.9	-0.8							
TX	Grayson	292385	-2.9	-0.8							
TX	Grayson	292385	-2.9	-0.8							
TX	Grayson	292385	-2.9	-0.8							
TX	Grayson	292385	-2.9	-0.8							
TX	Grayson	292385	-2.9	-0.8							
TX	Grayson	292385	-2.9	-0.8							
TX	Grayson	292385	-2.9	-0.8							
TX	Grayson	292385	-2.9	-0.8							
TX	Grayson	292385	-2.9	-0.8							
TX	Grayson	292385	-3.4	-0.7							
TX	Grayson	292385	-3.4	-0.7							
TX	Grayson	292385	-3.4	-0.7							
TX	Grayson	292385	-3.4	-0.7							
TX	Grayson	292385	-2.9	-0.8							
TX	Grayson	292385	-3.4	-0.7							
TX	Grayson	292385	-2.9	-0.8							
TX	Grayson	292385	-2.9	-0.8							
TX	Grayson	292385	-3.4	-0.7							
TX	Grayson	292385	-3.4	-0.7							
TX	Grayson	292385	-3.4	-0.7							
TX	Grayson	292385	-3.4	-0.7							
TX	Grayson	292385	-3.4	-0.7							
TX	Grayson	292385	-2.9	-0.8							
TX	Grayson	292385	-2.9	-0.9							
TX	Grayson	292385	-2.9	-0.9							
TX	Guadalupe	244940	-0.7	-0.1							
TX	Guadalupe	251826	-0.7	-0.1							
TX	Harris	292385	-0.1	0.0							
TX	Harris	292385	-0.1	0.0							
TX	Harris	208535	-0.1	0.0							
TX	Harris	238046	-0.1	0.0							
TX	Harris	292385	-0.1	0.0							
TX	Harris	205583	-0.1	0.0							
TX	Harris	292385	-0.1	0.0							
TX	Harris	153447	-0.1	0.0							
TX	Harris	292385	-0.1	0.0							
TX	Harris	292385	-0.1	0.0							
TX	Harris	224274	-0.1	0.0							
TX	Harris	292385	-0.1	0.0							
TX	Harris	168203	-0.1	0.0							
TX	Harris	190828	-0.1	0.0							
TX	Harris	292385	-0.1	0.0							
TX	Harris	191812	-0.1	0.0							
TX	Harris	292385	-0.1	0.0							
TX	Harris	292385	-0.1	0.0							
TX	Harris	237062	-0.1	0.0							
TX	Harris	225061	-0.1	0.0							
TX	Harris	222306	-0.1	0.0							
TX	Harris	292385	-0.1	0.0							
TX	Harris	212469	-0.1	0.0							
TX	Harris	219355	-0.1	0.0							
TX	Harris	292385	0.0	-0.2							
TX	Harris	242964	0.0	-0.2							
TX	Harris	292385	0.2	0.4							
TX	Harris	292385	0.2	0.4							
TX	Harris	158366	0.2	0.4							
TX	Harris	292385	0.0	-0.1							
TX	Harris	292385	0.0	-0.1							
TX	Harris	292385	0.0	-0.1							
TX	Harris	292385	0.0	-0.1							
TX	Harris	292385	0.0	-0.1							
TX	Harris	336416	0.0	-0.1							
TX	Harris	298051	0.0	-0.1							
TX	Harris	330513	0.0	-0.1							
TX	Hays	292385	-1.9	-0.2							
TX	Hays	292385	-1.5	0.2							
TX	Hays	292385	-1.5	0.2							
TX	Johnson	237071	-0.1	0.1							
TX	Johnson	292385	0.3	0.5							
TX	Johnson	237071	0.3	0.5							
TX	Johnson	241989	0.3	0.5							
TX	Johnson	231169	0.3	0.5							
TX	Johnson	262155	0.3	0.5							
TX	Montgomery	292385	0.0	0.1							
TX	Montgomery	220339	0.0	0.1							
TX	Montgomery	198698	0.0	0.1							
TX	Montgomery	208535	0.0	0.1							
TX	Montgomery	218372	0.0	0.1							
TX	Montgomery	292385	0.0	0.1							
TX	Montgomery	181975	0.0	0.1							
TX	Montgomery	198698	0.0	0.1							
TX	Montgomery	181975	0.0	0.1							
TX	Montgomery	292385	0.0	0.1							
TX	Montgomery	182959	0.0	0.1							
TX	Montgomery	188664	0.0	0.1							
TX	Montgomery	233127	0.0	0.1							
TX	Montgomery	215420	0.0	-0.4							
TX	Montgomery	225257	0.0	-0.4							
TX	Montgomery	190829	0.0	-0.4							
TX	Montgomery	172139	0.1	0.2							
TX	Montgomery	203617	0.1	0.2							
TX	Montgomery	170171	0.1	0.2							
TX	Montgomery	181975	0.1	0.2							
TX	Montgomery	213453	0.1	0.2							
TX	Montgomery	292385	0.1	0.2							
TX	Montgomery	292385	-0.1	0.0							
TX	Montgomery	228120	-0.1	0.0							
TX	Montgomery	236078	-0.1	0.0							
TX	Montgomery	225257	0.0	0.1							
TX	Montgomery	232144	0.0	0.1							
TX	Montgomery	252801	0.0	0.1							
TX	Montgomery	223290	0.1	-0.2							
TX	Montgomery	203617	0.1	-0.2							
TX	Nueces	277894	0.0	0.3							
TX	Nueces	303470	0.0	0.3							
TX	Nueces	305438	0.0	0.3							
TX	Nueces	250646	0.0	0.3							
TX	Nueces	227234	0.0	0.3							
TX	Nueces	332490	-0.3	0.7							
TX	Tarrant	273812	-0.3	0.2							
TX	Tarrant	277452	-0.3	0.2							
TX	Tarrant	268549	-0.6	0.0							
TX	Tarrant	292385	-0.3	0.2							
TX	Tarrant	286256	-0.3	0.0							
TX	Tarrant	271500	-0.3	0.0							
TX	Travis	240022	-2.0	-0.7							
TX	Travis	241006	-2.0	-0.7							
TX	Travis	222315	-2.0	-0.7							
TX	Travis	234120	-2.0	-0.7							
TX	Travis	244940	-2.0	-0.7							
TX	Williamson	329539	-1.5	0.2							
TX	Williamson	325604	-1.5	0.2							
TX	Williamson	292385	-1.5	0.2							
TX	Williamson	360033	-1.4	0.2							
TX	Williamson	403316	-1.4	0.2							
TX	Williamson	406267	-1.4	0.2							
TX	Williamson	266090	-2.0	-0.3							
TX	Williamson	258220	-2.0	-0.3							
TX	Williamson	237317	-2.0	-0.3							
TX	Williamson	293633	-2.0	-0.3							
TX	Williamson	267074	-2.0	-0.3							
TX	Williamson	275927	-2.0	-0.3							
TX	Williamson	313553	-2.0	-0.3							
TX	Williamson	311586	-2.0	-0.3							
TX	Williamson	268549	-2.0	-0.3							
TX	Williamson	333768	-2.0	-0.3							
TX	Williamson	306667	-2.0	-0.3							
TX	Williamson	290928	-2.0	-0.3							
TX	Williamson	301749	-2.0	-0.3							
TX	Williamson	292896	-2.0	-0.3							
TX	Williamson	285026	-2.0	-0.3							
TX	Williamson	294863	-2.0	-0.3							
TX	Williamson	221823	-1.5	-0.4							
TX	Williamson	249023	-1.5	-0.4							
TX	Williamson	212626	-1.5	-0.4							
TX	Williamson	219364	-1.5	-0.4							
VA	Chesterfield	458648	1.6	0.8							
VA	Henrico	550584	2.1	0.9							
VA	Henrico	459766	2.1	0.9							
VA	Henrico	550584	2.1	0.9							
VA	Henrico	479308	2.1	0.9							
