month_end,mrp_weighted_index_jan2020_100,us_index_jan2020_100,us_zhvi_sfr_mid_tier_usd,mrp_zips_with_data,type
2000-01-31,52.32,49.57,123925,,actual (Zillow ZHVI)
2000-02-29,52.35,49.66,124136,208,actual (Zillow ZHVI)
2000-03-31,52.4,49.76,124399,208,actual (Zillow ZHVI)
2000-04-30,52.53,49.99,124962,208,actual (Zillow ZHVI)
2000-05-31,52.66,50.25,125610,209,actual (Zillow ZHVI)
2000-06-30,52.78,50.52,126305,210,actual (Zillow ZHVI)
2000-07-31,52.86,50.82,127040,210,actual (Zillow ZHVI)
2000-08-31,52.99,51.13,127834,210,actual (Zillow ZHVI)
2000-09-30,53.17,51.47,128662,213,actual (Zillow ZHVI)
2000-10-31,53.39,51.8,129494,213,actual (Zillow ZHVI)
2000-11-30,53.64,52.13,130323,213,actual (Zillow ZHVI)
2000-12-31,53.91,52.46,131152,217,actual (Zillow ZHVI)
2001-01-31,54.18,52.77,131916,219,actual (Zillow ZHVI)
2001-02-28,54.39,53.04,132588,220,actual (Zillow ZHVI)
2001-03-31,54.5,53.29,133231,220,actual (Zillow ZHVI)
2001-04-30,54.59,53.57,133920,220,actual (Zillow ZHVI)
2001-05-31,54.72,53.87,134667,220,actual (Zillow ZHVI)
2001-06-30,54.89,54.18,135436,220,actual (Zillow ZHVI)
2001-07-31,55.1,54.49,136228,220,actual (Zillow ZHVI)
2001-08-31,55.3,54.82,137057,220,actual (Zillow ZHVI)
2001-09-30,55.5,55.16,137892,220,actual (Zillow ZHVI)
2001-10-31,55.66,55.49,138723,220,actual (Zillow ZHVI)
2001-11-30,55.81,55.8,139497,221,actual (Zillow ZHVI)
2001-12-31,55.92,56.09,140222,224,actual (Zillow ZHVI)
2002-01-31,56.01,56.35,140863,224,actual (Zillow ZHVI)
2002-02-28,56.1,56.59,141477,224,actual (Zillow ZHVI)
2002-03-31,56.22,56.84,142101,226,actual (Zillow ZHVI)
2002-04-30,56.35,57.11,142778,226,actual (Zillow ZHVI)
2002-05-31,56.5,57.41,143525,228,actual (Zillow ZHVI)
2002-06-30,56.68,57.74,144337,228,actual (Zillow ZHVI)
2002-07-31,56.88,58.09,145227,228,actual (Zillow ZHVI)
2002-08-31,57.09,58.47,146179,228,actual (Zillow ZHVI)
2002-09-30,57.3,58.86,147142,228,actual (Zillow ZHVI)
2002-10-31,57.53,59.24,148105,228,actual (Zillow ZHVI)
2002-11-30,57.74,59.61,149022,228,actual (Zillow ZHVI)
2002-12-31,57.95,59.97,149914,228,actual (Zillow ZHVI)
2003-01-31,58.11,60.29,150719,228,actual (Zillow ZHVI)
2003-02-28,58.25,60.6,151488,228,actual (Zillow ZHVI)
2003-03-31,58.39,60.9,152253,228,actual (Zillow ZHVI)
2003-04-30,58.57,61.24,153087,230,actual (Zillow ZHVI)
2003-05-31,58.86,61.6,154008,231,actual (Zillow ZHVI)
2003-06-30,59.22,61.99,154969,231,actual (Zillow ZHVI)
2003-07-31,59.54,62.39,155983,232,actual (Zillow ZHVI)
2003-08-31,59.86,62.83,157066,234,actual (Zillow ZHVI)
2003-09-30,60.12,63.29,158213,233,actual (Zillow ZHVI)
2003-10-31,60.39,63.75,159374,233,actual (Zillow ZHVI)
2003-11-30,60.61,64.18,160448,234,actual (Zillow ZHVI)
2003-12-31,60.83,64.58,161457,234,actual (Zillow ZHVI)
2004-01-31,61.05,64.97,162416,234,actual (Zillow ZHVI)
2004-02-29,61.37,65.38,163443,254,actual (Zillow ZHVI)
2004-03-31,61.67,65.83,164577,254,actual (Zillow ZHVI)
2004-04-30,62.01,66.34,165843,255,actual (Zillow ZHVI)
2004-05-31,62.31,66.91,167268,254,actual (Zillow ZHVI)
2004-06-30,62.66,67.53,168817,254,actual (Zillow ZHVI)
2004-07-31,63.08,68.2,170489,256,actual (Zillow ZHVI)
2004-08-31,63.51,68.88,172185,256,actual (Zillow ZHVI)
2004-09-30,63.98,69.54,173857,255,actual (Zillow ZHVI)
2004-10-31,64.41,70.18,175458,254,actual (Zillow ZHVI)
2004-11-30,64.82,70.79,176964,255,actual (Zillow ZHVI)
2004-12-31,65.23,71.38,178446,257,actual (Zillow ZHVI)
2005-01-31,65.65,71.95,179881,254,actual (Zillow ZHVI)
2005-02-28,66.12,72.54,181339,252,actual (Zillow ZHVI)
2005-03-31,66.62,73.14,182837,255,actual (Zillow ZHVI)
2005-04-30,67.18,73.81,184521,253,actual (Zillow ZHVI)
2005-05-31,67.78,74.52,186308,253,actual (Zillow ZHVI)
2005-06-30,68.38,75.28,188186,254,actual (Zillow ZHVI)
2005-07-31,68.99,76.03,190076,254,actual (Zillow ZHVI)
2005-08-31,69.61,76.8,191987,258,actual (Zillow ZHVI)
2005-09-30,70.21,77.55,193866,258,actual (Zillow ZHVI)
2005-10-31,70.81,78.26,195648,260,actual (Zillow ZHVI)
2005-11-30,71.37,78.91,197282,261,actual (Zillow ZHVI)
2005-12-31,71.94,79.51,198761,258,actual (Zillow ZHVI)
2006-01-31,72.39,80.01,200027,258,actual (Zillow ZHVI)
2006-02-28,72.83,80.48,201204,261,actual (Zillow ZHVI)
2006-03-31,73.29,80.96,202388,258,actual (Zillow ZHVI)
2006-04-30,73.81,81.46,203657,258,actual (Zillow ZHVI)
2006-05-31,74.36,81.97,204911,261,actual (Zillow ZHVI)
2006-06-30,74.88,82.41,206025,261,actual (Zillow ZHVI)
2006-07-31,75.37,82.77,206910,261,actual (Zillow ZHVI)
2006-08-31,75.76,83.04,207605,260,actual (Zillow ZHVI)
2006-09-30,76.09,83.23,208078,265,actual (Zillow ZHVI)
2006-10-31,76.36,83.37,208430,265,actual (Zillow ZHVI)
2006-11-30,76.59,83.45,208630,265,actual (Zillow ZHVI)
2006-12-31,76.76,83.51,208767,266,actual (Zillow ZHVI)
2007-01-31,76.82,83.54,208839,265,actual (Zillow ZHVI)
2007-02-28,76.85,83.57,208913,267,actual (Zillow ZHVI)
2007-03-31,76.93,83.59,208979,267,actual (Zillow ZHVI)
2007-04-30,77.07,83.62,209051,268,actual (Zillow ZHVI)
2007-05-31,77.18,83.61,209011,269,actual (Zillow ZHVI)
2007-06-30,77.24,83.52,208803,269,actual (Zillow ZHVI)
2007-07-31,77.23,83.35,208370,269,actual (Zillow ZHVI)
2007-08-31,77.22,83.14,207850,269,actual (Zillow ZHVI)
2007-09-30,77.16,82.89,207218,272,actual (Zillow ZHVI)
2007-10-31,77.08,82.61,206533,272,actual (Zillow ZHVI)
2007-11-30,77.02,82.28,205701,272,actual (Zillow ZHVI)
2007-12-31,76.93,81.93,204816,272,actual (Zillow ZHVI)
2008-01-31,76.75,81.52,203792,272,actual (Zillow ZHVI)
2008-02-29,76.59,81.07,202661,271,actual (Zillow ZHVI)
2008-03-31,76.42,80.56,201388,265,actual (Zillow ZHVI)
2008-04-30,76.23,80.01,200014,267,actual (Zillow ZHVI)
2008-05-31,75.97,79.43,198578,268,actual (Zillow ZHVI)
2008-06-30,75.65,78.83,197060,268,actual (Zillow ZHVI)
2008-07-31,75.3,78.18,195435,267,actual (Zillow ZHVI)
2008-08-31,74.82,77.45,193624,270,actual (Zillow ZHVI)
2008-09-30,74.33,76.72,191789,271,actual (Zillow ZHVI)
2008-10-31,73.83,76.0,189998,273,actual (Zillow ZHVI)
2008-11-30,73.34,75.3,188243,273,actual (Zillow ZHVI)
2008-12-31,72.8,74.6,186500,273,actual (Zillow ZHVI)
2009-01-31,72.23,73.92,184794,274,actual (Zillow ZHVI)
2009-02-28,71.74,73.34,183340,282,actual (Zillow ZHVI)
2009-03-31,71.31,72.81,182009,283,actual (Zillow ZHVI)
2009-04-30,70.9,72.3,180758,284,actual (Zillow ZHVI)
2009-05-31,70.48,71.8,179492,284,actual (Zillow ZHVI)
2009-06-30,70.07,71.32,178299,284,actual (Zillow ZHVI)
2009-07-31,69.71,70.89,177221,284,actual (Zillow ZHVI)
2009-08-31,69.37,70.49,176226,286,actual (Zillow ZHVI)
2009-09-30,69.08,70.13,175311,286,actual (Zillow ZHVI)
2009-10-31,68.77,69.83,174562,286,actual (Zillow ZHVI)
2009-11-30,68.58,69.66,174143,286,actual (Zillow ZHVI)
2009-12-31,68.45,69.58,173958,286,actual (Zillow ZHVI)
2010-01-31,68.38,69.56,173903,286,actual (Zillow ZHVI)
2010-02-28,68.28,69.54,173842,286,actual (Zillow ZHVI)
2010-03-31,68.18,69.54,173853,286,actual (Zillow ZHVI)
2010-04-30,68.1,69.59,173973,286,actual (Zillow ZHVI)
2010-05-31,68.04,69.62,174056,285,actual (Zillow ZHVI)
2010-06-30,67.95,69.58,173940,285,actual (Zillow ZHVI)
2010-07-31,67.79,69.37,173431,286,actual (Zillow ZHVI)
2010-08-31,67.51,69.07,172661,286,actual (Zillow ZHVI)
2010-09-30,67.13,68.68,171695,286,actual (Zillow ZHVI)
2010-10-31,66.71,68.28,170692,286,actual (Zillow ZHVI)
2010-11-30,66.25,67.87,169670,286,actual (Zillow ZHVI)
2010-12-31,65.78,67.49,168713,286,actual (Zillow ZHVI)
2011-01-31,65.34,67.13,167823,286,actual (Zillow ZHVI)
2011-02-28,64.92,66.8,166995,286,actual (Zillow ZHVI)
2011-03-31,64.55,66.49,166210,286,actual (Zillow ZHVI)
2011-04-30,64.17,66.16,165390,285,actual (Zillow ZHVI)
2011-05-31,63.8,65.82,164536,286,actual (Zillow ZHVI)
2011-06-30,63.44,65.48,163698,287,actual (Zillow ZHVI)
2011-07-31,63.14,65.2,162999,287,actual (Zillow ZHVI)
2011-08-31,62.92,64.97,162414,287,actual (Zillow ZHVI)
2011-09-30,62.75,64.77,161916,287,actual (Zillow ZHVI)
2011-10-31,62.6,64.57,161421,287,actual (Zillow ZHVI)
2011-11-30,62.45,64.4,160994,287,actual (Zillow ZHVI)
2011-12-31,62.35,64.25,160621,287,actual (Zillow ZHVI)
2012-01-31,62.32,64.16,160394,287,actual (Zillow ZHVI)
2012-02-29,62.39,64.16,160387,290,actual (Zillow ZHVI)
2012-03-31,62.53,64.25,160617,290,actual (Zillow ZHVI)
2012-04-30,62.71,64.4,161000,289,actual (Zillow ZHVI)
2012-05-31,62.97,64.58,161452,289,actual (Zillow ZHVI)
2012-06-30,63.26,64.79,161978,289,actual (Zillow ZHVI)
2012-07-31,63.55,65.02,162543,290,actual (Zillow ZHVI)
2012-08-31,63.72,65.21,163026,290,actual (Zillow ZHVI)
2012-09-30,63.88,65.43,163582,290,actual (Zillow ZHVI)
2012-10-31,64.01,65.68,164186,290,actual (Zillow ZHVI)
2012-11-30,64.21,65.96,164905,290,actual (Zillow ZHVI)
2012-12-31,64.42,66.26,165653,290,actual (Zillow ZHVI)
2013-01-31,64.69,66.6,166499,290,actual (Zillow ZHVI)
2013-02-28,64.97,66.96,167407,290,actual (Zillow ZHVI)
2013-03-31,65.32,67.34,168359,290,actual (Zillow ZHVI)
2013-04-30,65.72,67.76,169398,290,actual (Zillow ZHVI)
2013-05-31,66.22,68.25,170618,290,actual (Zillow ZHVI)
2013-06-30,66.75,68.79,171976,290,actual (Zillow ZHVI)
2013-07-31,67.25,69.28,173208,290,actual (Zillow ZHVI)
2013-08-31,67.71,69.77,174409,290,actual (Zillow ZHVI)
2013-09-30,68.05,70.2,175486,290,actual (Zillow ZHVI)
2013-10-31,68.39,70.68,176684,290,actual (Zillow ZHVI)
2013-11-30,68.66,71.06,177655,290,actual (Zillow ZHVI)
2013-12-31,68.98,71.42,178555,290,actual (Zillow ZHVI)
2014-01-31,69.33,71.74,179341,290,actual (Zillow ZHVI)
2014-02-28,69.77,72.07,180181,290,actual (Zillow ZHVI)
2014-03-31,70.21,72.41,181020,290,actual (Zillow ZHVI)
2014-04-30,70.66,72.74,181857,290,actual (Zillow ZHVI)
2014-05-31,71.11,73.13,182823,290,actual (Zillow ZHVI)
2014-06-30,71.55,73.48,183685,290,actual (Zillow ZHVI)
2014-07-31,72.0,73.82,184535,290,actual (Zillow ZHVI)
2014-08-31,72.34,74.08,185188,290,actual (Zillow ZHVI)
2014-09-30,72.62,74.32,185802,290,actual (Zillow ZHVI)
2014-10-31,72.77,74.48,186203,290,actual (Zillow ZHVI)
2014-11-30,73.02,74.69,186726,290,actual (Zillow ZHVI)
2014-12-31,73.35,74.95,187368,290,actual (Zillow ZHVI)
2015-01-31,73.74,75.27,188170,290,actual (Zillow ZHVI)
2015-02-28,74.12,75.59,188980,290,actual (Zillow ZHVI)
2015-03-31,74.51,75.92,189807,290,actual (Zillow ZHVI)
2015-04-30,74.93,76.29,190715,290,actual (Zillow ZHVI)
2015-05-31,75.41,76.69,191714,290,actual (Zillow ZHVI)
2015-06-30,75.89,77.07,192682,290,actual (Zillow ZHVI)
2015-07-31,76.41,77.47,193680,290,actual (Zillow ZHVI)
2015-08-31,76.92,77.89,194725,290,actual (Zillow ZHVI)
2015-09-30,77.45,78.35,195880,290,actual (Zillow ZHVI)
2015-10-31,77.97,78.84,197086,290,actual (Zillow ZHVI)
2015-11-30,78.42,79.27,198163,290,actual (Zillow ZHVI)
2015-12-31,78.85,79.69,199230,290,actual (Zillow ZHVI)
2016-01-31,79.32,80.16,200386,290,actual (Zillow ZHVI)
2016-02-29,79.79,80.62,201542,290,actual (Zillow ZHVI)
2016-03-31,80.13,80.96,202391,293,actual (Zillow ZHVI)
2016-04-30,80.47,81.27,203162,293,actual (Zillow ZHVI)
2016-05-31,80.84,81.58,203943,293,actual (Zillow ZHVI)
2016-06-30,81.28,81.96,204896,293,actual (Zillow ZHVI)
2016-07-31,81.64,82.25,205632,293,actual (Zillow ZHVI)
2016-08-31,82.0,82.53,206328,293,actual (Zillow ZHVI)
2016-09-30,82.41,82.84,207095,293,actual (Zillow ZHVI)
2016-10-31,82.91,83.22,208049,293,actual (Zillow ZHVI)
2016-11-30,83.4,83.64,209092,293,actual (Zillow ZHVI)
2016-12-31,83.87,84.08,210196,293,actual (Zillow ZHVI)
2017-01-31,84.3,84.52,211300,293,actual (Zillow ZHVI)
2017-02-28,84.71,84.98,212445,293,actual (Zillow ZHVI)
2017-03-31,85.12,85.45,213622,293,actual (Zillow ZHVI)
2017-04-30,85.55,85.97,214914,293,actual (Zillow ZHVI)
2017-05-31,85.93,86.44,216084,293,actual (Zillow ZHVI)
2017-06-30,86.31,86.87,217179,293,actual (Zillow ZHVI)
2017-07-31,86.7,87.24,218102,293,actual (Zillow ZHVI)
2017-08-31,87.17,87.62,219035,293,actual (Zillow ZHVI)
2017-09-30,87.68,88.01,220014,293,actual (Zillow ZHVI)
2017-10-31,88.19,88.45,221132,293,actual (Zillow ZHVI)
2017-11-30,88.73,88.94,222351,293,actual (Zillow ZHVI)
2017-12-31,89.27,89.45,223622,293,actual (Zillow ZHVI)
2018-01-31,89.76,89.96,224888,293,actual (Zillow ZHVI)
2018-02-28,90.22,90.45,226109,293,actual (Zillow ZHVI)
2018-03-31,90.78,91.01,227516,293,actual (Zillow ZHVI)
2018-04-30,91.32,91.52,228793,293,actual (Zillow ZHVI)
2018-05-31,91.83,92.01,230033,293,actual (Zillow ZHVI)
2018-06-30,92.16,92.38,230944,293,actual (Zillow ZHVI)
2018-07-31,92.58,92.84,232085,293,actual (Zillow ZHVI)
2018-08-31,93.0,93.27,233177,293,actual (Zillow ZHVI)
2018-09-30,93.46,93.71,234267,293,actual (Zillow ZHVI)
2018-10-31,93.8,94.01,235010,293,actual (Zillow ZHVI)
2018-11-30,94.15,94.31,235761,293,actual (Zillow ZHVI)
2018-12-31,94.53,94.63,236570,293,actual (Zillow ZHVI)
2019-01-31,94.96,95.03,237567,293,actual (Zillow ZHVI)
2019-02-28,95.39,95.5,238743,293,actual (Zillow ZHVI)
2019-03-31,95.81,96.01,240010,293,actual (Zillow ZHVI)
2019-04-30,96.18,96.46,241153,293,actual (Zillow ZHVI)
2019-05-31,96.5,96.81,242015,293,actual (Zillow ZHVI)
2019-06-30,96.8,97.11,242774,293,actual (Zillow ZHVI)
2019-07-31,97.1,97.39,243473,293,actual (Zillow ZHVI)
2019-08-31,97.44,97.7,244234,293,actual (Zillow ZHVI)
2019-09-30,97.74,97.96,244901,293,actual (Zillow ZHVI)
2019-10-31,98.16,98.33,245814,293,actual (Zillow ZHVI)
2019-11-30,98.7,98.82,247037,293,actual (Zillow ZHVI)
2019-12-31,99.33,99.39,248460,293,actual (Zillow ZHVI)
2020-01-31,100.0,100.0,249995,293,actual (Zillow ZHVI)
2020-02-29,100.64,100.6,251497,293,actual (Zillow ZHVI)
2020-03-31,101.28,101.23,253074,293,actual (Zillow ZHVI)
2020-04-30,101.82,101.78,254452,293,actual (Zillow ZHVI)
2020-05-31,102.15,102.1,255244,293,actual (Zillow ZHVI)
2020-06-30,102.39,102.29,255711,293,actual (Zillow ZHVI)
2020-07-31,102.8,102.59,256473,293,actual (Zillow ZHVI)
2020-08-31,103.6,103.29,258227,293,actual (Zillow ZHVI)
2020-09-30,104.85,104.48,261190,292,actual (Zillow ZHVI)
2020-10-31,106.3,105.91,264772,292,actual (Zillow ZHVI)
2020-11-30,107.88,107.52,268797,292,actual (Zillow ZHVI)
2020-12-31,109.38,109.08,272705,292,actual (Zillow ZHVI)
2021-01-31,110.85,110.6,276482,293,actual (Zillow ZHVI)
2021-02-28,112.39,112.14,280356,293,actual (Zillow ZHVI)
2021-03-31,114.05,113.76,284388,293,actual (Zillow ZHVI)
2021-04-30,115.88,115.51,288767,293,actual (Zillow ZHVI)
2021-05-31,117.95,117.44,293586,293,actual (Zillow ZHVI)
2021-06-30,120.27,119.5,298755,293,actual (Zillow ZHVI)
2021-07-31,122.47,121.34,303348,293,actual (Zillow ZHVI)
2021-08-31,124.21,122.62,306549,293,actual (Zillow ZHVI)
2021-09-30,125.47,123.37,308423,293,actual (Zillow ZHVI)
2021-10-31,126.72,124.11,310268,293,actual (Zillow ZHVI)
2021-11-30,128.29,125.14,312852,293,actual (Zillow ZHVI)
2021-12-31,130.06,126.44,316087,293,actual (Zillow ZHVI)
2022-01-31,132.38,128.25,320631,293,actual (Zillow ZHVI)
2022-02-28,135.02,130.45,326111,293,actual (Zillow ZHVI)
2022-03-31,138.01,133.03,332558,293,actual (Zillow ZHVI)
2022-04-30,140.91,135.58,338947,293,actual (Zillow ZHVI)
2022-05-31,143.49,137.85,344629,293,actual (Zillow ZHVI)
2022-06-30,145.74,139.74,349355,293,actual (Zillow ZHVI)
2022-07-31,147.06,140.74,351831,293,actual (Zillow ZHVI)
2022-08-31,147.48,140.88,352197,293,actual (Zillow ZHVI)
2022-09-30,147.1,140.36,350889,293,actual (Zillow ZHVI)
2022-10-31,146.64,139.85,349614,293,actual (Zillow ZHVI)
2022-11-30,146.15,139.42,348532,293,actual (Zillow ZHVI)
2022-12-31,145.59,139.02,347550,293,actual (Zillow ZHVI)
2023-01-31,144.86,138.53,346330,293,actual (Zillow ZHVI)
2023-02-28,144.26,138.2,345496,293,actual (Zillow ZHVI)
2023-03-31,144.08,138.22,345539,293,actual (Zillow ZHVI)
2023-04-30,144.31,138.65,346616,293,actual (Zillow ZHVI)
2023-05-31,144.81,139.34,348352,293,actual (Zillow ZHVI)
2023-06-30,145.4,140.15,350370,293,actual (Zillow ZHVI)
2023-07-31,145.83,140.87,352168,293,actual (Zillow ZHVI)
2023-08-31,146.12,141.52,353801,293,actual (Zillow ZHVI)
2023-09-30,146.22,142.01,355007,293,actual (Zillow ZHVI)
2023-10-31,146.28,142.37,355909,293,actual (Zillow ZHVI)
2023-11-30,146.3,142.63,356563,293,actual (Zillow ZHVI)
2023-12-31,146.21,142.82,357041,293,actual (Zillow ZHVI)
2024-01-31,146.16,143.0,357499,293,actual (Zillow ZHVI)
2024-02-29,146.33,143.34,358341,293,actual (Zillow ZHVI)
2024-03-31,146.84,143.98,359934,293,actual (Zillow ZHVI)
2024-04-30,147.47,144.76,361891,293,actual (Zillow ZHVI)
2024-05-31,147.89,145.37,363425,293,actual (Zillow ZHVI)
2024-06-30,148.0,145.64,364087,293,actual (Zillow ZHVI)
2024-07-31,147.94,145.73,364306,293,actual (Zillow ZHVI)
2024-08-31,147.89,145.84,364599,293,actual (Zillow ZHVI)
2024-09-30,147.79,146.04,365100,293,actual (Zillow ZHVI)
2024-10-31,147.69,146.31,365760,293,actual (Zillow ZHVI)
2024-11-30,147.57,146.54,366349,293,actual (Zillow ZHVI)
2024-12-31,147.65,146.87,367168,293,actual (Zillow ZHVI)
2025-01-31,147.84,147.15,367872,293,actual (Zillow ZHVI)
2025-02-28,147.99,147.36,368382,293,actual (Zillow ZHVI)
2025-03-31,147.8,147.26,368133,293,actual (Zillow ZHVI)
2025-04-30,147.39,147.06,367638,293,actual (Zillow ZHVI)
2025-05-31,146.9,146.8,366990,293,actual (Zillow ZHVI)
2025-06-30,146.41,146.57,366410,293,actual (Zillow ZHVI)
2025-07-31,146.0,146.42,366036,293,actual (Zillow ZHVI)
2025-08-31,145.65,146.34,365847,293,actual (Zillow ZHVI)
2025-09-30,145.52,146.46,366132,293,actual (Zillow ZHVI)
2025-10-31,145.43,146.64,366593,293,actual (Zillow ZHVI)
2025-11-30,145.45,146.93,367314,293,actual (Zillow ZHVI)
2025-12-31,145.5,147.27,368171,293,actual (Zillow ZHVI)
2026-01-31,145.63,147.6,368983,293,actual (Zillow ZHVI)
2026-02-28,145.79,147.91,369759,293,actual (Zillow ZHVI)
2026-03-31,145.83,148.12,370287,293,actual (Zillow ZHVI)
2026-04-30,145.65,148.17,370424,293,actual (Zillow ZHVI)
2026-05-31,145.24,148.08,370200,293,actual (Zillow ZHVI)
2026-06-30,144.78,148.0,369987,293,actual (Zillow ZHVI)
2026-07-31,144.43,148.04,370094,293,actual (Zillow ZHVI)
2026-08-31,144.23,148.22,370547,293,actual (Zillow ZHVI)
2027-08-31,144.68,150.3,375735,,"forecast (Zillow ZHVF 12-month: MRP zips +0.31% value-weighted, US +1.4%)"
