group_type,group,homes,weight_value,share_of_value_pct,fc_1m_pct,fc_3m_pct,fc_12m_pct,fc_12m_equal_weight_pct,min_12m_pct,max_12m_pct,share_value_negative_12m_pct
all,All MRP Liberty homes,1041,288522668,100.0,0.03,0.27,0.31,0.29,-3.4,3.7,37.0
benchmark,United States (Zillow national forecast),,,,0.2,0.6,1.4,,,,
state,TX,340,84737635,29.4,-0.12,-0.11,-0.89,-0.83,-3.4,0.6,77.6
state,FL,142,39769859,13.8,-0.05,0.08,-0.77,-0.8,-2.4,0.9,63.4
state,SC,128,33823428,11.7,0.04,0.53,1.0,1.0,0.4,1.8,0.0
state,NC,93,30371305,10.5,0.02,0.3,0.45,0.47,-0.4,1.2,40.0
state,GA,55,18219587,6.3,0.18,0.62,2.18,2.3,0.1,3.7,0.0
state,AL,62,18054782,6.3,0.18,0.84,1.12,1.14,0.6,1.7,0.0
state,AR,74,16942159,5.9,0.18,0.54,1.73,1.79,0.9,2.6,0.0
state,OK,67,16186447,5.6,0.15,0.3,2.06,2.07,1.3,3.0,0.0
state,TN,25,9078066,3.1,0.06,0.31,0.23,0.24,-0.2,0.7,29.6
state,MN,17,7063977,2.4,0.23,0.6,0.78,0.78,0.6,1.0,0.0
state,DE,9,3164824,1.1,0.4,1.03,2.14,2.13,1.5,2.4,0.0
state,IN,9,2969678,1.0,0.29,0.75,1.37,1.37,1.2,1.5,0.0
state,CO,6,2724810,0.9,0.07,0.15,0.23,0.23,0.1,0.3,0.0
state,VA,5,2498890,0.9,0.3,0.88,2.01,2.0,1.6,2.1,0.0
state,ID,7,2046697,0.7,0.31,0.8,0.3,0.3,0.3,0.3,0.0
state,AZ,2,870526,0.3,-0.14,0.01,-0.6,-0.6,-0.6,-0.6,100.0
metro,"Houston-The Woodlands-Sugar Land, TX",90,22533088,7.8,-0.09,0.08,-0.03,-0.03,-0.3,0.2,35.3
metro,"San Antonio-New Braunfels, TX",106,21544931,7.5,0.01,0.12,-0.66,-0.65,-1.3,-0.4,100.0
metro,"Dallas-Fort Worth-Arlington, TX",65,17945680,6.2,-0.24,-0.25,-0.68,-0.68,-0.9,0.6,88.1
metro,"Raleigh-Cary, NC",35,12151500,4.2,-0.01,0.11,-0.24,-0.23,-0.4,-0.1,100.0
metro,"Ocala, FL",44,12104530,4.2,-0.08,-0.16,-1.92,-1.93,-2.4,-1.6,100.0
metro,"Myrtle Beach-Conway-North Myrtle Beach, SC-NC",40,11838307,4.1,0.05,0.07,1.03,1.02,0.9,1.1,0.0
metro,"Austin-Round Rock-Georgetown, TX",36,10172184,3.5,-0.05,-0.2,-1.81,-1.83,-2.1,-1.4,100.0
metro,"Daphne-Fairhope-Foley, AL",31,9789864,3.4,0.23,1.0,0.97,0.96,0.9,1.1,0.0
metro,"Sherman-Denison, TX",33,9648714,3.3,-0.34,-0.78,-3.05,-3.05,-3.4,-2.9,100.0
metro,"Oklahoma City, OK",39,9633365,3.3,0.15,0.22,1.65,1.65,1.3,1.8,0.0
metro,"Warner Robins, GA",27,8033936,2.8,0.32,0.9,3.29,3.3,3.0,3.7,0.0
metro,"Columbia, SC",30,8027933,2.8,0.4,1.3,1.22,1.24,0.8,1.5,0.0
metro,"Fayetteville-Springdale-Rogers, AR",26,7178181,2.5,0.09,0.33,1.23,1.23,0.9,1.3,0.0
metro,"Minneapolis-St. Paul-Bloomington, MN-WI",17,7063977,2.4,0.23,0.6,0.78,0.78,0.6,1.0,0.0
metro,"Little Rock-North Little Rock-Conway, AR",30,5954471,2.1,0.28,0.72,2.15,2.15,1.8,2.5,0.0
metro,"Hickory-Lenoir-Morganton, NC",18,5581000,1.9,0.2,1.0,1.2,1.2,1.2,1.2,0.0
metro,"Atlanta-Sandy Springs-Alpharetta, GA",15,5434229,1.9,0.0,0.33,0.67,0.67,0.6,0.8,0.0
metro,"Charlotte-Concord-Gastonia, NC-SC",16,4602440,1.6,-0.19,0.31,0.51,0.49,0.4,0.9,0.0
metro,"Gainesville, FL",16,4231200,1.5,-0.3,-0.28,-1.82,-1.82,-1.9,-1.8,100.0
metro,"Shawnee, OK",18,4122582,1.4,0.1,0.3,3.0,3.0,3.0,3.0,0.0
metro,"Florence, SC",15,3975160,1.4,0.1,0.5,1.8,1.8,1.8,1.8,0.0
metro,"Nashville-Davidson--Murfreesboro--Franklin, TN",9,3829495,1.3,0.13,0.44,0.08,0.1,-0.2,0.2,15.2
metro,"Spartanburg, SC",14,3749146,1.3,0.14,0.87,0.65,0.67,0.5,0.8,0.0
metro,"Pensacola-Ferry Pass-Brent, FL",14,3685758,1.3,0.13,0.46,0.84,0.84,0.8,0.9,0.0
metro,"Panama City, FL",13,3653445,1.3,-0.01,0.31,0.3,0.3,0.3,0.3,0.0
metro,"Palm Bay-Melbourne-Titusville, FL",11,3646691,1.3,0.0,0.2,-0.5,-0.5,-0.5,-0.5,100.0
metro,"Fayetteville, NC",12,3309000,1.1,-0.17,-0.03,0.37,0.38,0.3,0.5,0.0
metro,"Cape Coral-Fort Myers, FL",12,2971890,1.0,0.0,0.13,-1.09,-1.09,-1.1,-1.0,100.0
metro,"Indianapolis-Carmel-Anderson, IN",9,2969678,1.0,0.29,0.75,1.37,1.37,1.2,1.5,0.0
metro,"Crestview-Fort Walton Beach-Destin, FL",10,2901030,1.0,-0.08,0.13,-0.02,-0.05,-0.4,0.1,23.6
metro,"Greenville-Anderson, SC",14,2891659,1.0,-0.44,0.14,0.56,0.54,0.5,0.8,0.0
metro,"Athens-Clarke County, GA",6,2791224,1.0,0.16,0.41,1.83,1.87,1.6,2.0,0.0
metro,"Decatur, AL",9,2737481,0.9,0.0,0.5,1.34,1.33,1.2,1.4,0.0
metro,"Cleveland, TN",8,2731474,0.9,-0.03,0.17,0.7,0.7,0.7,0.7,0.0
metro,"Sanford, NC",8,2612585,0.9,0.1,0.8,1.0,1.0,1.0,1.0,0.0
metro,"Dover, DE",7,2580054,0.9,0.43,1.08,2.29,2.31,2.1,2.4,0.0
metro,"Richmond, VA",5,2498890,0.9,0.3,0.88,2.01,2.0,1.6,2.1,0.0
metro,"Jacksonville, FL",8,2319439,0.8,0.17,0.6,0.6,0.6,0.6,0.6,0.0
metro,"Hilton Head Island-Bluffton, SC",7,2244730,0.8,-0.5,-0.3,0.8,0.8,0.8,0.8,0.0
metro,"Talladega-Sylacauga, AL",10,2106631,0.7,0.15,1.01,1.41,1.39,0.9,1.6,0.0
metro,"Chattanooga, TN-GA",7,2102558,0.7,0.0,0.2,-0.1,-0.1,-0.1,-0.1,100.0
metro,"Boise City, ID",7,2046697,0.7,0.31,0.8,0.3,0.3,0.3,0.3,0.0
metro,"Searcy, AR",10,2037923,0.7,0.24,0.93,2.49,2.48,2.4,2.6,0.0
metro,"Charleston-North Charleston, SC",8,1997273,0.7,0.0,0.3,1.1,1.1,1.1,1.1,0.0
metro,"Huntsville, AL",6,1971009,0.7,0.19,0.69,0.95,0.93,0.6,1.1,0.0
metro,"Denver-Aurora-Lakewood, CO",4,1757500,0.6,0.0,-0.1,0.3,0.3,0.3,0.3,0.0
metro,"Corpus Christi, TX",6,1697172,0.6,0.14,0.38,-0.06,-0.05,-0.3,0.0,19.6
metro,"LaGrange, GA-AL",6,1690831,0.6,0.2,0.7,2.7,2.7,2.7,2.7,0.0
metro,"Tampa-St. Petersburg-Clearwater, FL",5,1685328,0.6,-0.08,0.15,0.27,0.26,0.2,0.3,0.0
metro,"Lakeland-Winter Haven, FL",6,1577251,0.5,-0.17,-0.1,-0.52,-0.52,-0.6,-0.4,100.0
metro,"Tulsa, OK",6,1461500,0.5,0.31,0.57,1.98,1.97,1.9,2.1,0.0
metro,"Fort Smith, AR-OK",5,1166289,0.4,0.1,0.4,1.4,1.4,1.4,1.4,0.0
metro,"Stillwater, OK",4,969000,0.3,0.2,0.7,2.2,2.2,2.2,2.2,0.0
metro,"Colorado Springs, CO",2,967310,0.3,0.2,0.6,0.1,0.1,0.1,0.1,0.0
metro,"Burlington, NC",3,911000,0.3,-0.2,-0.1,0.1,0.1,0.1,0.1,0.0
metro,"College Station-Bryan, TX",3,903479,0.3,-0.1,0.1,0.2,0.2,0.2,0.2,0.0
metro,"Phoenix-Mesa-Chandler, AZ",2,870526,0.3,-0.14,0.01,-0.6,-0.6,-0.6,-0.6,100.0
metro,"Birmingham-Hoover, AL",3,730624,0.3,0.1,0.1,1.3,1.3,1.3,1.3,0.0
metro,"Cullman, AL",3,719173,0.2,0.2,0.6,1.7,1.7,1.7,1.7,0.0
metro,"North Port-Sarasota-Bradenton, FL",2,683097,0.2,0.1,0.3,0.1,0.1,0.1,0.1,0.0
metro,"Jonesboro, AR",3,605295,0.2,0.1,0.3,1.5,1.5,1.5,1.5,0.0
metro,"Philadelphia-Camden-Wilmington, PA-NJ-DE-MD",2,584771,0.2,0.3,0.8,1.5,1.5,1.5,1.5,0.0
metro,"Clarksville, TN-KY",1,414539,0.1,0.3,0.5,0.2,0.2,0.2,0.2,0.0
metro,"Punta Gorda, FL",1,310200,0.1,0.4,0.9,0.6,0.6,0.6,0.6,0.0
metro,"Wilson, NC",1,303000,0.1,-0.1,0.2,0.1,0.1,0.1,0.1,0.0
metro,"Killeen-Temple, TX",1,292385,0.1,-0.1,-0.3,-1.1,-1.1,-1.1,-1.1,100.0
metro,"Statesboro, GA",1,269367,0.1,-0.3,-0.4,0.1,0.1,0.1,0.1,0.0
