portfolio	metro (blank = all)	properties	median density	median percentile in metro	% in least dense quarter	python properties	python median density	python median percentile	python % least dense quarter	check (0 = match)
MRP Liberty		=SUMPRODUCT((homes!$A$2:$A$9222=A2)*(homes!$H$2:$H$9222<>""))	=IFERROR(AGGREGATE(17,6,homes!$G$2:$G$9222/((homes!$A$2:$A$9222=A2)*(homes!$H$2:$H$9222<>"")),2),"")	=IFERROR(AGGREGATE(17,6,homes!$H$2:$H$9222/((homes!$A$2:$A$9222=A2)*(homes!$H$2:$H$9222<>"")),2),"")	=IFERROR(100*SUMPRODUCT((homes!$A$2:$A$9222=A2)*(homes!$H$2:$H$9222<>"")*(homes!$H$2:$H$9222<25))/C2,"")	1008	363.8	23.0	51.5	=IF(G2="","",ROUND(C2-G2,0)+ROUND(D2-H2,0)+ROUND(E2-I2,0)+ROUND(F2-J2,0))
Lennar community		=SUMPRODUCT((homes!$A$2:$A$9222=A3)*(homes!$H$2:$H$9222<>""))	=IFERROR(AGGREGATE(17,6,homes!$G$2:$G$9222/((homes!$A$2:$A$9222=A3)*(homes!$H$2:$H$9222<>"")),2),"")	=IFERROR(AGGREGATE(17,6,homes!$H$2:$H$9222/((homes!$A$2:$A$9222=A3)*(homes!$H$2:$H$9222<>"")),2),"")	=IFERROR(100*SUMPRODUCT((homes!$A$2:$A$9222=A3)*(homes!$H$2:$H$9222<>"")*(homes!$H$2:$H$9222<25))/C3,"")	1376	584.4	24.3	50.7	=IF(G3="","",ROUND(C3-G3,0)+ROUND(D3-H3,0)+ROUND(E3-I3,0)+ROUND(F3-J3,0))
Invitation Homes		=SUMPRODUCT((homes!$A$2:$A$9222=A4)*(homes!$H$2:$H$9222<>""))	=IFERROR(AGGREGATE(17,6,homes!$G$2:$G$9222/((homes!$A$2:$A$9222=A4)*(homes!$H$2:$H$9222<>"")),2),"")	=IFERROR(AGGREGATE(17,6,homes!$H$2:$H$9222/((homes!$A$2:$A$9222=A4)*(homes!$H$2:$H$9222<>"")),2),"")	=IFERROR(100*SUMPRODUCT((homes!$A$2:$A$9222=A4)*(homes!$H$2:$H$9222<>"")*(homes!$H$2:$H$9222<25))/C4,"")	3461	1887.0	41.6	29.2	=IF(G4="","",ROUND(C4-G4,0)+ROUND(D4-H4,0)+ROUND(E4-I4,0)+ROUND(F4-J4,0))
AMH		=SUMPRODUCT((homes!$A$2:$A$9222=A5)*(homes!$H$2:$H$9222<>""))	=IFERROR(AGGREGATE(17,6,homes!$G$2:$G$9222/((homes!$A$2:$A$9222=A5)*(homes!$H$2:$H$9222<>"")),2),"")	=IFERROR(AGGREGATE(17,6,homes!$H$2:$H$9222/((homes!$A$2:$A$9222=A5)*(homes!$H$2:$H$9222<>"")),2),"")	=IFERROR(100*SUMPRODUCT((homes!$A$2:$A$9222=A5)*(homes!$H$2:$H$9222<>"")*(homes!$H$2:$H$9222<25))/C5,"")	3361	1153.9	33.1	36.3	=IF(G5="","",ROUND(C5-G5,0)+ROUND(D5-H5,0)+ROUND(E5-I5,0)+ROUND(F5-J5,0))
MRP Liberty	San Antonio-New Braunfels, TX	=SUMPRODUCT((homes!$A$2:$A$9222=A6)*(homes!$H$2:$H$9222<>"")*(homes!$F$2:$F$9222=B6))	=IFERROR(AGGREGATE(17,6,homes!$G$2:$G$9222/((homes!$A$2:$A$9222=A6)*(homes!$H$2:$H$9222<>"")*(homes!$F$2:$F$9222=B6)),2),"")	=IFERROR(AGGREGATE(17,6,homes!$H$2:$H$9222/((homes!$A$2:$A$9222=A6)*(homes!$H$2:$H$9222<>"")*(homes!$F$2:$F$9222=B6)),2),"")	=IFERROR(100*SUMPRODUCT((homes!$A$2:$A$9222=A6)*(homes!$H$2:$H$9222<>"")*(homes!$F$2:$F$9222=B6)*(homes!$H$2:$H$9222<25))/C6,"")	104	1052.3	22.4	53.8	=IF(G6="","",ROUND(C6-G6,0)+ROUND(D6-H6,0)+ROUND(E6-I6,0)+ROUND(F6-J6,0))
Lennar community	San Antonio-New Braunfels, TX	=SUMPRODUCT((homes!$A$2:$A$9222=A7)*(homes!$H$2:$H$9222<>"")*(homes!$F$2:$F$9222=B7))	=IFERROR(AGGREGATE(17,6,homes!$G$2:$G$9222/((homes!$A$2:$A$9222=A7)*(homes!$H$2:$H$9222<>"")*(homes!$F$2:$F$9222=B7)),2),"")	=IFERROR(AGGREGATE(17,6,homes!$H$2:$H$9222/((homes!$A$2:$A$9222=A7)*(homes!$H$2:$H$9222<>"")*(homes!$F$2:$F$9222=B7)),2),"")	=IFERROR(100*SUMPRODUCT((homes!$A$2:$A$9222=A7)*(homes!$H$2:$H$9222<>"")*(homes!$F$2:$F$9222=B7)*(homes!$H$2:$H$9222<25))/C7,"")	56	1052.3	22.4	55.4	=IF(G7="","",ROUND(C7-G7,0)+ROUND(D7-H7,0)+ROUND(E7-I7,0)+ROUND(F7-J7,0))
Invitation Homes	San Antonio-New Braunfels, TX	=SUMPRODUCT((homes!$A$2:$A$9222=A8)*(homes!$H$2:$H$9222<>"")*(homes!$F$2:$F$9222=B8))	=IFERROR(AGGREGATE(17,6,homes!$G$2:$G$9222/((homes!$A$2:$A$9222=A8)*(homes!$H$2:$H$9222<>"")*(homes!$F$2:$F$9222=B8)),2),"")	=IFERROR(AGGREGATE(17,6,homes!$H$2:$H$9222/((homes!$A$2:$A$9222=A8)*(homes!$H$2:$H$9222<>"")*(homes!$F$2:$F$9222=B8)),2),"")	=IFERROR(100*SUMPRODUCT((homes!$A$2:$A$9222=A8)*(homes!$H$2:$H$9222<>"")*(homes!$F$2:$F$9222=B8)*(homes!$H$2:$H$9222<25))/C8,"")	37	1052.3	22.4	59.5	=IF(G8="","",ROUND(C8-G8,0)+ROUND(D8-H8,0)+ROUND(E8-I8,0)+ROUND(F8-J8,0))
AMH	San Antonio-New Braunfels, TX	=SUMPRODUCT((homes!$A$2:$A$9222=A9)*(homes!$H$2:$H$9222<>"")*(homes!$F$2:$F$9222=B9))	=IFERROR(AGGREGATE(17,6,homes!$G$2:$G$9222/((homes!$A$2:$A$9222=A9)*(homes!$H$2:$H$9222<>"")*(homes!$F$2:$F$9222=B9)),2),"")	=IFERROR(AGGREGATE(17,6,homes!$H$2:$H$9222/((homes!$A$2:$A$9222=A9)*(homes!$H$2:$H$9222<>"")*(homes!$F$2:$F$9222=B9)),2),"")	=IFERROR(100*SUMPRODUCT((homes!$A$2:$A$9222=A9)*(homes!$H$2:$H$9222<>"")*(homes!$F$2:$F$9222=B9)*(homes!$H$2:$H$9222<25))/C9,"")	58	2025.1	41.3	36.2	=IF(G9="","",ROUND(C9-G9,0)+ROUND(D9-H9,0)+ROUND(E9-I9,0)+ROUND(F9-J9,0))
MRP Liberty	Houston-The Woodlands-Sugar Land, TX	=SUMPRODUCT((homes!$A$2:$A$9222=A10)*(homes!$H$2:$H$9222<>"")*(homes!$F$2:$F$9222=B10))	=IFERROR(AGGREGATE(17,6,homes!$G$2:$G$9222/((homes!$A$2:$A$9222=A10)*(homes!$H$2:$H$9222<>"")*(homes!$F$2:$F$9222=B10)),2),"")	=IFERROR(AGGREGATE(17,6,homes!$H$2:$H$9222/((homes!$A$2:$A$9222=A10)*(homes!$H$2:$H$9222<>"")*(homes!$F$2:$F$9222=B10)),2),"")	=IFERROR(100*SUMPRODUCT((homes!$A$2:$A$9222=A10)*(homes!$H$2:$H$9222<>"")*(homes!$F$2:$F$9222=B10)*(homes!$H$2:$H$9222<25))/C10,"")	90	350.8	8.0	100.0	=IF(G10="","",ROUND(C10-G10,0)+ROUND(D10-H10,0)+ROUND(E10-I10,0)+ROUND(F10-J10,0))
Lennar community	Houston-The Woodlands-Sugar Land, TX	=SUMPRODUCT((homes!$A$2:$A$9222=A11)*(homes!$H$2:$H$9222<>"")*(homes!$F$2:$F$9222=B11))	=IFERROR(AGGREGATE(17,6,homes!$G$2:$G$9222/((homes!$A$2:$A$9222=A11)*(homes!$H$2:$H$9222<>"")*(homes!$F$2:$F$9222=B11)),2),"")	=IFERROR(AGGREGATE(17,6,homes!$H$2:$H$9222/((homes!$A$2:$A$9222=A11)*(homes!$H$2:$H$9222<>"")*(homes!$F$2:$F$9222=B11)),2),"")	=IFERROR(100*SUMPRODUCT((homes!$A$2:$A$9222=A11)*(homes!$H$2:$H$9222<>"")*(homes!$F$2:$F$9222=B11)*(homes!$H$2:$H$9222<25))/C11,"")	64	430.7	8.9	92.2	=IF(G11="","",ROUND(C11-G11,0)+ROUND(D11-H11,0)+ROUND(E11-I11,0)+ROUND(F11-J11,0))
Invitation Homes	Houston-The Woodlands-Sugar Land, TX	=SUMPRODUCT((homes!$A$2:$A$9222=A12)*(homes!$H$2:$H$9222<>"")*(homes!$F$2:$F$9222=B12))	=IFERROR(AGGREGATE(17,6,homes!$G$2:$G$9222/((homes!$A$2:$A$9222=A12)*(homes!$H$2:$H$9222<>"")*(homes!$F$2:$F$9222=B12)),2),"")	=IFERROR(AGGREGATE(17,6,homes!$H$2:$H$9222/((homes!$A$2:$A$9222=A12)*(homes!$H$2:$H$9222<>"")*(homes!$F$2:$F$9222=B12)),2),"")	=IFERROR(100*SUMPRODUCT((homes!$A$2:$A$9222=A12)*(homes!$H$2:$H$9222<>"")*(homes!$F$2:$F$9222=B12)*(homes!$H$2:$H$9222<25))/C12,"")	155	2538.1	36.8	40.0	=IF(G12="","",ROUND(C12-G12,0)+ROUND(D12-H12,0)+ROUND(E12-I12,0)+ROUND(F12-J12,0))
AMH	Houston-The Woodlands-Sugar Land, TX	=SUMPRODUCT((homes!$A$2:$A$9222=A13)*(homes!$H$2:$H$9222<>"")*(homes!$F$2:$F$9222=B13))	=IFERROR(AGGREGATE(17,6,homes!$G$2:$G$9222/((homes!$A$2:$A$9222=A13)*(homes!$H$2:$H$9222<>"")*(homes!$F$2:$F$9222=B13)),2),"")	=IFERROR(AGGREGATE(17,6,homes!$H$2:$H$9222/((homes!$A$2:$A$9222=A13)*(homes!$H$2:$H$9222<>"")*(homes!$F$2:$F$9222=B13)),2),"")	=IFERROR(100*SUMPRODUCT((homes!$A$2:$A$9222=A13)*(homes!$H$2:$H$9222<>"")*(homes!$F$2:$F$9222=B13)*(homes!$H$2:$H$9222<25))/C13,"")	119	1898.1	28.4	40.3	=IF(G13="","",ROUND(C13-G13,0)+ROUND(D13-H13,0)+ROUND(E13-I13,0)+ROUND(F13-J13,0))
MRP Liberty	Dallas-Fort Worth-Arlington, TX	=SUMPRODUCT((homes!$A$2:$A$9222=A14)*(homes!$H$2:$H$9222<>"")*(homes!$F$2:$F$9222=B14))	=IFERROR(AGGREGATE(17,6,homes!$G$2:$G$9222/((homes!$A$2:$A$9222=A14)*(homes!$H$2:$H$9222<>"")*(homes!$F$2:$F$9222=B14)),2),"")	=IFERROR(AGGREGATE(17,6,homes!$H$2:$H$9222/((homes!$A$2:$A$9222=A14)*(homes!$H$2:$H$9222<>"")*(homes!$F$2:$F$9222=B14)),2),"")	=IFERROR(100*SUMPRODUCT((homes!$A$2:$A$9222=A14)*(homes!$H$2:$H$9222<>"")*(homes!$F$2:$F$9222=B14)*(homes!$H$2:$H$9222<25))/C14,"")	65	579.3	12.6	95.4	=IF(G14="","",ROUND(C14-G14,0)+ROUND(D14-H14,0)+ROUND(E14-I14,0)+ROUND(F14-J14,0))
Lennar community	Dallas-Fort Worth-Arlington, TX	=SUMPRODUCT((homes!$A$2:$A$9222=A15)*(homes!$H$2:$H$9222<>"")*(homes!$F$2:$F$9222=B15))	=IFERROR(AGGREGATE(17,6,homes!$G$2:$G$9222/((homes!$A$2:$A$9222=A15)*(homes!$H$2:$H$9222<>"")*(homes!$F$2:$F$9222=B15)),2),"")	=IFERROR(AGGREGATE(17,6,homes!$H$2:$H$9222/((homes!$A$2:$A$9222=A15)*(homes!$H$2:$H$9222<>"")*(homes!$F$2:$F$9222=B15)),2),"")	=IFERROR(100*SUMPRODUCT((homes!$A$2:$A$9222=A15)*(homes!$H$2:$H$9222<>"")*(homes!$F$2:$F$9222=B15)*(homes!$H$2:$H$9222<25))/C15,"")	60	549.7	12.5	86.7	=IF(G15="","",ROUND(C15-G15,0)+ROUND(D15-H15,0)+ROUND(E15-I15,0)+ROUND(F15-J15,0))
Invitation Homes	Dallas-Fort Worth-Arlington, TX	=SUMPRODUCT((homes!$A$2:$A$9222=A16)*(homes!$H$2:$H$9222<>"")*(homes!$F$2:$F$9222=B16))	=IFERROR(AGGREGATE(17,6,homes!$G$2:$G$9222/((homes!$A$2:$A$9222=A16)*(homes!$H$2:$H$9222<>"")*(homes!$F$2:$F$9222=B16)),2),"")	=IFERROR(AGGREGATE(17,6,homes!$H$2:$H$9222/((homes!$A$2:$A$9222=A16)*(homes!$H$2:$H$9222<>"")*(homes!$F$2:$F$9222=B16)),2),"")	=IFERROR(100*SUMPRODUCT((homes!$A$2:$A$9222=A16)*(homes!$H$2:$H$9222<>"")*(homes!$F$2:$F$9222=B16)*(homes!$H$2:$H$9222<25))/C16,"")	307	1633.3	27.9	40.4	=IF(G16="","",ROUND(C16-G16,0)+ROUND(D16-H16,0)+ROUND(E16-I16,0)+ROUND(F16-J16,0))
AMH	Dallas-Fort Worth-Arlington, TX	=SUMPRODUCT((homes!$A$2:$A$9222=A17)*(homes!$H$2:$H$9222<>"")*(homes!$F$2:$F$9222=B17))	=IFERROR(AGGREGATE(17,6,homes!$G$2:$G$9222/((homes!$A$2:$A$9222=A17)*(homes!$H$2:$H$9222<>"")*(homes!$F$2:$F$9222=B17)),2),"")	=IFERROR(AGGREGATE(17,6,homes!$H$2:$H$9222/((homes!$A$2:$A$9222=A17)*(homes!$H$2:$H$9222<>"")*(homes!$F$2:$F$9222=B17)),2),"")	=IFERROR(100*SUMPRODUCT((homes!$A$2:$A$9222=A17)*(homes!$H$2:$H$9222<>"")*(homes!$F$2:$F$9222=B17)*(homes!$H$2:$H$9222<25))/C17,"")	157	1474.4	25.5	49.7	=IF(G17="","",ROUND(C17-G17,0)+ROUND(D17-H17,0)+ROUND(E17-I17,0)+ROUND(F17-J17,0))
MRP Liberty	Ocala, FL	=SUMPRODUCT((homes!$A$2:$A$9222=A18)*(homes!$H$2:$H$9222<>"")*(homes!$F$2:$F$9222=B18))	=IFERROR(AGGREGATE(17,6,homes!$G$2:$G$9222/((homes!$A$2:$A$9222=A18)*(homes!$H$2:$H$9222<>"")*(homes!$F$2:$F$9222=B18)),2),"")	=IFERROR(AGGREGATE(17,6,homes!$H$2:$H$9222/((homes!$A$2:$A$9222=A18)*(homes!$H$2:$H$9222<>"")*(homes!$F$2:$F$9222=B18)),2),"")	=IFERROR(100*SUMPRODUCT((homes!$A$2:$A$9222=A18)*(homes!$H$2:$H$9222<>"")*(homes!$F$2:$F$9222=B18)*(homes!$H$2:$H$9222<25))/C18,"")	41	763.5	60.7	22.0	=IF(G18="","",ROUND(C18-G18,0)+ROUND(D18-H18,0)+ROUND(E18-I18,0)+ROUND(F18-J18,0))
Lennar community	Ocala, FL	=SUMPRODUCT((homes!$A$2:$A$9222=A19)*(homes!$H$2:$H$9222<>"")*(homes!$F$2:$F$9222=B19))	=IFERROR(AGGREGATE(17,6,homes!$G$2:$G$9222/((homes!$A$2:$A$9222=A19)*(homes!$H$2:$H$9222<>"")*(homes!$F$2:$F$9222=B19)),2),"")	=IFERROR(AGGREGATE(17,6,homes!$H$2:$H$9222/((homes!$A$2:$A$9222=A19)*(homes!$H$2:$H$9222<>"")*(homes!$F$2:$F$9222=B19)),2),"")	=IFERROR(100*SUMPRODUCT((homes!$A$2:$A$9222=A19)*(homes!$H$2:$H$9222<>"")*(homes!$F$2:$F$9222=B19)*(homes!$H$2:$H$9222<25))/C19,"")	9	740.6	57.2	22.2	=IF(G19="","",ROUND(C19-G19,0)+ROUND(D19-H19,0)+ROUND(E19-I19,0)+ROUND(F19-J19,0))
Invitation Homes	Ocala, FL	=SUMPRODUCT((homes!$A$2:$A$9222=A20)*(homes!$H$2:$H$9222<>"")*(homes!$F$2:$F$9222=B20))	=IFERROR(AGGREGATE(17,6,homes!$G$2:$G$9222/((homes!$A$2:$A$9222=A20)*(homes!$H$2:$H$9222<>"")*(homes!$F$2:$F$9222=B20)),2),"")	=IFERROR(AGGREGATE(17,6,homes!$H$2:$H$9222/((homes!$A$2:$A$9222=A20)*(homes!$H$2:$H$9222<>"")*(homes!$F$2:$F$9222=B20)),2),"")	=IFERROR(100*SUMPRODUCT((homes!$A$2:$A$9222=A20)*(homes!$H$2:$H$9222<>"")*(homes!$F$2:$F$9222=B20)*(homes!$H$2:$H$9222<25))/C20,"")					=IF(G20="","",ROUND(C20-G20,0)+ROUND(D20-H20,0)+ROUND(E20-I20,0)+ROUND(F20-J20,0))
AMH	Ocala, FL	=SUMPRODUCT((homes!$A$2:$A$9222=A21)*(homes!$H$2:$H$9222<>"")*(homes!$F$2:$F$9222=B21))	=IFERROR(AGGREGATE(17,6,homes!$G$2:$G$9222/((homes!$A$2:$A$9222=A21)*(homes!$H$2:$H$9222<>"")*(homes!$F$2:$F$9222=B21)),2),"")	=IFERROR(AGGREGATE(17,6,homes!$H$2:$H$9222/((homes!$A$2:$A$9222=A21)*(homes!$H$2:$H$9222<>"")*(homes!$F$2:$F$9222=B21)),2),"")	=IFERROR(100*SUMPRODUCT((homes!$A$2:$A$9222=A21)*(homes!$H$2:$H$9222<>"")*(homes!$F$2:$F$9222=B21)*(homes!$H$2:$H$9222<25))/C21,"")					=IF(G21="","",ROUND(C21-G21,0)+ROUND(D21-H21,0)+ROUND(E21-I21,0)+ROUND(F21-J21,0))
MRP Liberty	Myrtle Beach-Conway-North Myrtle Beach, SC-NC	=SUMPRODUCT((homes!$A$2:$A$9222=A22)*(homes!$H$2:$H$9222<>"")*(homes!$F$2:$F$9222=B22))	=IFERROR(AGGREGATE(17,6,homes!$G$2:$G$9222/((homes!$A$2:$A$9222=A22)*(homes!$H$2:$H$9222<>"")*(homes!$F$2:$F$9222=B22)),2),"")	=IFERROR(AGGREGATE(17,6,homes!$H$2:$H$9222/((homes!$A$2:$A$9222=A22)*(homes!$H$2:$H$9222<>"")*(homes!$F$2:$F$9222=B22)),2),"")	=IFERROR(100*SUMPRODUCT((homes!$A$2:$A$9222=A22)*(homes!$H$2:$H$9222<>"")*(homes!$F$2:$F$9222=B22)*(homes!$H$2:$H$9222<25))/C22,"")	40	1265.7	77.5	5.0	=IF(G22="","",ROUND(C22-G22,0)+ROUND(D22-H22,0)+ROUND(E22-I22,0)+ROUND(F22-J22,0))
Lennar community	Myrtle Beach-Conway-North Myrtle Beach, SC-NC	=SUMPRODUCT((homes!$A$2:$A$9222=A23)*(homes!$H$2:$H$9222<>"")*(homes!$F$2:$F$9222=B23))	=IFERROR(AGGREGATE(17,6,homes!$G$2:$G$9222/((homes!$A$2:$A$9222=A23)*(homes!$H$2:$H$9222<>"")*(homes!$F$2:$F$9222=B23)),2),"")	=IFERROR(AGGREGATE(17,6,homes!$H$2:$H$9222/((homes!$A$2:$A$9222=A23)*(homes!$H$2:$H$9222<>"")*(homes!$F$2:$F$9222=B23)),2),"")	=IFERROR(100*SUMPRODUCT((homes!$A$2:$A$9222=A23)*(homes!$H$2:$H$9222<>"")*(homes!$F$2:$F$9222=B23)*(homes!$H$2:$H$9222<25))/C23,"")	27	363.8	47.4	33.3	=IF(G23="","",ROUND(C23-G23,0)+ROUND(D23-H23,0)+ROUND(E23-I23,0)+ROUND(F23-J23,0))
Invitation Homes	Myrtle Beach-Conway-North Myrtle Beach, SC-NC	=SUMPRODUCT((homes!$A$2:$A$9222=A24)*(homes!$H$2:$H$9222<>"")*(homes!$F$2:$F$9222=B24))	=IFERROR(AGGREGATE(17,6,homes!$G$2:$G$9222/((homes!$A$2:$A$9222=A24)*(homes!$H$2:$H$9222<>"")*(homes!$F$2:$F$9222=B24)),2),"")	=IFERROR(AGGREGATE(17,6,homes!$H$2:$H$9222/((homes!$A$2:$A$9222=A24)*(homes!$H$2:$H$9222<>"")*(homes!$F$2:$F$9222=B24)),2),"")	=IFERROR(100*SUMPRODUCT((homes!$A$2:$A$9222=A24)*(homes!$H$2:$H$9222<>"")*(homes!$F$2:$F$9222=B24)*(homes!$H$2:$H$9222<25))/C24,"")					=IF(G24="","",ROUND(C24-G24,0)+ROUND(D24-H24,0)+ROUND(E24-I24,0)+ROUND(F24-J24,0))
AMH	Myrtle Beach-Conway-North Myrtle Beach, SC-NC	=SUMPRODUCT((homes!$A$2:$A$9222=A25)*(homes!$H$2:$H$9222<>"")*(homes!$F$2:$F$9222=B25))	=IFERROR(AGGREGATE(17,6,homes!$G$2:$G$9222/((homes!$A$2:$A$9222=A25)*(homes!$H$2:$H$9222<>"")*(homes!$F$2:$F$9222=B25)),2),"")	=IFERROR(AGGREGATE(17,6,homes!$H$2:$H$9222/((homes!$A$2:$A$9222=A25)*(homes!$H$2:$H$9222<>"")*(homes!$F$2:$F$9222=B25)),2),"")	=IFERROR(100*SUMPRODUCT((homes!$A$2:$A$9222=A25)*(homes!$H$2:$H$9222<>"")*(homes!$F$2:$F$9222=B25)*(homes!$H$2:$H$9222<25))/C25,"")					=IF(G25="","",ROUND(C25-G25,0)+ROUND(D25-H25,0)+ROUND(E25-I25,0)+ROUND(F25-J25,0))
MRP Liberty	Raleigh-Cary, NC	=SUMPRODUCT((homes!$A$2:$A$9222=A26)*(homes!$H$2:$H$9222<>"")*(homes!$F$2:$F$9222=B26))	=IFERROR(AGGREGATE(17,6,homes!$G$2:$G$9222/((homes!$A$2:$A$9222=A26)*(homes!$H$2:$H$9222<>"")*(homes!$F$2:$F$9222=B26)),2),"")	=IFERROR(AGGREGATE(17,6,homes!$H$2:$H$9222/((homes!$A$2:$A$9222=A26)*(homes!$H$2:$H$9222<>"")*(homes!$F$2:$F$9222=B26)),2),"")	=IFERROR(100*SUMPRODUCT((homes!$A$2:$A$9222=A26)*(homes!$H$2:$H$9222<>"")*(homes!$F$2:$F$9222=B26)*(homes!$H$2:$H$9222<25))/C26,"")	35	779.1	25.4	40.0	=IF(G26="","",ROUND(C26-G26,0)+ROUND(D26-H26,0)+ROUND(E26-I26,0)+ROUND(F26-J26,0))
Lennar community	Raleigh-Cary, NC	=SUMPRODUCT((homes!$A$2:$A$9222=A27)*(homes!$H$2:$H$9222<>"")*(homes!$F$2:$F$9222=B27))	=IFERROR(AGGREGATE(17,6,homes!$G$2:$G$9222/((homes!$A$2:$A$9222=A27)*(homes!$H$2:$H$9222<>"")*(homes!$F$2:$F$9222=B27)),2),"")	=IFERROR(AGGREGATE(17,6,homes!$H$2:$H$9222/((homes!$A$2:$A$9222=A27)*(homes!$H$2:$H$9222<>"")*(homes!$F$2:$F$9222=B27)),2),"")	=IFERROR(100*SUMPRODUCT((homes!$A$2:$A$9222=A27)*(homes!$H$2:$H$9222<>"")*(homes!$F$2:$F$9222=B27)*(homes!$H$2:$H$9222<25))/C27,"")	30	896.7	34.2	30.0	=IF(G27="","",ROUND(C27-G27,0)+ROUND(D27-H27,0)+ROUND(E27-I27,0)+ROUND(F27-J27,0))
Invitation Homes	Raleigh-Cary, NC	=SUMPRODUCT((homes!$A$2:$A$9222=A28)*(homes!$H$2:$H$9222<>"")*(homes!$F$2:$F$9222=B28))	=IFERROR(AGGREGATE(17,6,homes!$G$2:$G$9222/((homes!$A$2:$A$9222=A28)*(homes!$H$2:$H$9222<>"")*(homes!$F$2:$F$9222=B28)),2),"")	=IFERROR(AGGREGATE(17,6,homes!$H$2:$H$9222/((homes!$A$2:$A$9222=A28)*(homes!$H$2:$H$9222<>"")*(homes!$F$2:$F$9222=B28)),2),"")	=IFERROR(100*SUMPRODUCT((homes!$A$2:$A$9222=A28)*(homes!$H$2:$H$9222<>"")*(homes!$F$2:$F$9222=B28)*(homes!$H$2:$H$9222<25))/C28,"")	74	956.6	35.1	23.0	=IF(G28="","",ROUND(C28-G28,0)+ROUND(D28-H28,0)+ROUND(E28-I28,0)+ROUND(F28-J28,0))
AMH	Raleigh-Cary, NC	=SUMPRODUCT((homes!$A$2:$A$9222=A29)*(homes!$H$2:$H$9222<>"")*(homes!$F$2:$F$9222=B29))	=IFERROR(AGGREGATE(17,6,homes!$G$2:$G$9222/((homes!$A$2:$A$9222=A29)*(homes!$H$2:$H$9222<>"")*(homes!$F$2:$F$9222=B29)),2),"")	=IFERROR(AGGREGATE(17,6,homes!$H$2:$H$9222/((homes!$A$2:$A$9222=A29)*(homes!$H$2:$H$9222<>"")*(homes!$F$2:$F$9222=B29)),2),"")	=IFERROR(100*SUMPRODUCT((homes!$A$2:$A$9222=A29)*(homes!$H$2:$H$9222<>"")*(homes!$F$2:$F$9222=B29)*(homes!$H$2:$H$9222<25))/C29,"")	88	815.9	30.9	25.0	=IF(G29="","",ROUND(C29-G29,0)+ROUND(D29-H29,0)+ROUND(E29-I29,0)+ROUND(F29-J29,0))
MRP Liberty	Austin-Round Rock-Georgetown, TX	=SUMPRODUCT((homes!$A$2:$A$9222=A30)*(homes!$H$2:$H$9222<>"")*(homes!$F$2:$F$9222=B30))	=IFERROR(AGGREGATE(17,6,homes!$G$2:$G$9222/((homes!$A$2:$A$9222=A30)*(homes!$H$2:$H$9222<>"")*(homes!$F$2:$F$9222=B30)),2),"")	=IFERROR(AGGREGATE(17,6,homes!$H$2:$H$9222/((homes!$A$2:$A$9222=A30)*(homes!$H$2:$H$9222<>"")*(homes!$F$2:$F$9222=B30)),2),"")	=IFERROR(100*SUMPRODUCT((homes!$A$2:$A$9222=A30)*(homes!$H$2:$H$9222<>"")*(homes!$F$2:$F$9222=B30)*(homes!$H$2:$H$9222<25))/C30,"")	34	731.7	30.5	41.2	=IF(G30="","",ROUND(C30-G30,0)+ROUND(D30-H30,0)+ROUND(E30-I30,0)+ROUND(F30-J30,0))
Lennar community	Austin-Round Rock-Georgetown, TX	=SUMPRODUCT((homes!$A$2:$A$9222=A31)*(homes!$H$2:$H$9222<>"")*(homes!$F$2:$F$9222=B31))	=IFERROR(AGGREGATE(17,6,homes!$G$2:$G$9222/((homes!$A$2:$A$9222=A31)*(homes!$H$2:$H$9222<>"")*(homes!$F$2:$F$9222=B31)),2),"")	=IFERROR(AGGREGATE(17,6,homes!$H$2:$H$9222/((homes!$A$2:$A$9222=A31)*(homes!$H$2:$H$9222<>"")*(homes!$F$2:$F$9222=B31)),2),"")	=IFERROR(100*SUMPRODUCT((homes!$A$2:$A$9222=A31)*(homes!$H$2:$H$9222<>"")*(homes!$F$2:$F$9222=B31)*(homes!$H$2:$H$9222<25))/C31,"")	18	692.6	27.1	38.9	=IF(G31="","",ROUND(C31-G31,0)+ROUND(D31-H31,0)+ROUND(E31-I31,0)+ROUND(F31-J31,0))
Invitation Homes	Austin-Round Rock-Georgetown, TX	=SUMPRODUCT((homes!$A$2:$A$9222=A32)*(homes!$H$2:$H$9222<>"")*(homes!$F$2:$F$9222=B32))	=IFERROR(AGGREGATE(17,6,homes!$G$2:$G$9222/((homes!$A$2:$A$9222=A32)*(homes!$H$2:$H$9222<>"")*(homes!$F$2:$F$9222=B32)),2),"")	=IFERROR(AGGREGATE(17,6,homes!$H$2:$H$9222/((homes!$A$2:$A$9222=A32)*(homes!$H$2:$H$9222<>"")*(homes!$F$2:$F$9222=B32)),2),"")	=IFERROR(100*SUMPRODUCT((homes!$A$2:$A$9222=A32)*(homes!$H$2:$H$9222<>"")*(homes!$F$2:$F$9222=B32)*(homes!$H$2:$H$9222<25))/C32,"")	5	233.4	11.8	80.0	=IF(G32="","",ROUND(C32-G32,0)+ROUND(D32-H32,0)+ROUND(E32-I32,0)+ROUND(F32-J32,0))
AMH	Austin-Round Rock-Georgetown, TX	=SUMPRODUCT((homes!$A$2:$A$9222=A33)*(homes!$H$2:$H$9222<>"")*(homes!$F$2:$F$9222=B33))	=IFERROR(AGGREGATE(17,6,homes!$G$2:$G$9222/((homes!$A$2:$A$9222=A33)*(homes!$H$2:$H$9222<>"")*(homes!$F$2:$F$9222=B33)),2),"")	=IFERROR(AGGREGATE(17,6,homes!$H$2:$H$9222/((homes!$A$2:$A$9222=A33)*(homes!$H$2:$H$9222<>"")*(homes!$F$2:$F$9222=B33)),2),"")	=IFERROR(100*SUMPRODUCT((homes!$A$2:$A$9222=A33)*(homes!$H$2:$H$9222<>"")*(homes!$F$2:$F$9222=B33)*(homes!$H$2:$H$9222<25))/C33,"")	23	797.8	35.8	17.4	=IF(G33="","",ROUND(C33-G33,0)+ROUND(D33-H33,0)+ROUND(E33-I33,0)+ROUND(F33-J33,0))
MRP Liberty	Sherman-Denison, TX	=SUMPRODUCT((homes!$A$2:$A$9222=A34)*(homes!$H$2:$H$9222<>"")*(homes!$F$2:$F$9222=B34))	=IFERROR(AGGREGATE(17,6,homes!$G$2:$G$9222/((homes!$A$2:$A$9222=A34)*(homes!$H$2:$H$9222<>"")*(homes!$F$2:$F$9222=B34)),2),"")	=IFERROR(AGGREGATE(17,6,homes!$H$2:$H$9222/((homes!$A$2:$A$9222=A34)*(homes!$H$2:$H$9222<>"")*(homes!$F$2:$F$9222=B34)),2),"")	=IFERROR(100*SUMPRODUCT((homes!$A$2:$A$9222=A34)*(homes!$H$2:$H$9222<>"")*(homes!$F$2:$F$9222=B34)*(homes!$H$2:$H$9222<25))/C34,"")	33	240.2	45.5	6.1	=IF(G34="","",ROUND(C34-G34,0)+ROUND(D34-H34,0)+ROUND(E34-I34,0)+ROUND(F34-J34,0))
Lennar community	Sherman-Denison, TX	=SUMPRODUCT((homes!$A$2:$A$9222=A35)*(homes!$H$2:$H$9222<>"")*(homes!$F$2:$F$9222=B35))	=IFERROR(AGGREGATE(17,6,homes!$G$2:$G$9222/((homes!$A$2:$A$9222=A35)*(homes!$H$2:$H$9222<>"")*(homes!$F$2:$F$9222=B35)),2),"")	=IFERROR(AGGREGATE(17,6,homes!$H$2:$H$9222/((homes!$A$2:$A$9222=A35)*(homes!$H$2:$H$9222<>"")*(homes!$F$2:$F$9222=B35)),2),"")	=IFERROR(100*SUMPRODUCT((homes!$A$2:$A$9222=A35)*(homes!$H$2:$H$9222<>"")*(homes!$F$2:$F$9222=B35)*(homes!$H$2:$H$9222<25))/C35,"")	4	240.2	45.5	25.0	=IF(G35="","",ROUND(C35-G35,0)+ROUND(D35-H35,0)+ROUND(E35-I35,0)+ROUND(F35-J35,0))
Invitation Homes	Sherman-Denison, TX	=SUMPRODUCT((homes!$A$2:$A$9222=A36)*(homes!$H$2:$H$9222<>"")*(homes!$F$2:$F$9222=B36))	=IFERROR(AGGREGATE(17,6,homes!$G$2:$G$9222/((homes!$A$2:$A$9222=A36)*(homes!$H$2:$H$9222<>"")*(homes!$F$2:$F$9222=B36)),2),"")	=IFERROR(AGGREGATE(17,6,homes!$H$2:$H$9222/((homes!$A$2:$A$9222=A36)*(homes!$H$2:$H$9222<>"")*(homes!$F$2:$F$9222=B36)),2),"")	=IFERROR(100*SUMPRODUCT((homes!$A$2:$A$9222=A36)*(homes!$H$2:$H$9222<>"")*(homes!$F$2:$F$9222=B36)*(homes!$H$2:$H$9222<25))/C36,"")					=IF(G36="","",ROUND(C36-G36,0)+ROUND(D36-H36,0)+ROUND(E36-I36,0)+ROUND(F36-J36,0))
AMH	Sherman-Denison, TX	=SUMPRODUCT((homes!$A$2:$A$9222=A37)*(homes!$H$2:$H$9222<>"")*(homes!$F$2:$F$9222=B37))	=IFERROR(AGGREGATE(17,6,homes!$G$2:$G$9222/((homes!$A$2:$A$9222=A37)*(homes!$H$2:$H$9222<>"")*(homes!$F$2:$F$9222=B37)),2),"")	=IFERROR(AGGREGATE(17,6,homes!$H$2:$H$9222/((homes!$A$2:$A$9222=A37)*(homes!$H$2:$H$9222<>"")*(homes!$F$2:$F$9222=B37)),2),"")	=IFERROR(100*SUMPRODUCT((homes!$A$2:$A$9222=A37)*(homes!$H$2:$H$9222<>"")*(homes!$F$2:$F$9222=B37)*(homes!$H$2:$H$9222<25))/C37,"")					=IF(G37="","",ROUND(C37-G37,0)+ROUND(D37-H37,0)+ROUND(E37-I37,0)+ROUND(F37-J37,0))
MRP Liberty	Daphne-Fairhope-Foley, AL	=SUMPRODUCT((homes!$A$2:$A$9222=A38)*(homes!$H$2:$H$9222<>"")*(homes!$F$2:$F$9222=B38))	=IFERROR(AGGREGATE(17,6,homes!$G$2:$G$9222/((homes!$A$2:$A$9222=A38)*(homes!$H$2:$H$9222<>"")*(homes!$F$2:$F$9222=B38)),2),"")	=IFERROR(AGGREGATE(17,6,homes!$H$2:$H$9222/((homes!$A$2:$A$9222=A38)*(homes!$H$2:$H$9222<>"")*(homes!$F$2:$F$9222=B38)),2),"")	=IFERROR(100*SUMPRODUCT((homes!$A$2:$A$9222=A38)*(homes!$H$2:$H$9222<>"")*(homes!$F$2:$F$9222=B38)*(homes!$H$2:$H$9222<25))/C38,"")	31	414.9	40.7	48.4	=IF(G38="","",ROUND(C38-G38,0)+ROUND(D38-H38,0)+ROUND(E38-I38,0)+ROUND(F38-J38,0))
Lennar community	Daphne-Fairhope-Foley, AL	=SUMPRODUCT((homes!$A$2:$A$9222=A39)*(homes!$H$2:$H$9222<>"")*(homes!$F$2:$F$9222=B39))	=IFERROR(AGGREGATE(17,6,homes!$G$2:$G$9222/((homes!$A$2:$A$9222=A39)*(homes!$H$2:$H$9222<>"")*(homes!$F$2:$F$9222=B39)),2),"")	=IFERROR(AGGREGATE(17,6,homes!$H$2:$H$9222/((homes!$A$2:$A$9222=A39)*(homes!$H$2:$H$9222<>"")*(homes!$F$2:$F$9222=B39)),2),"")	=IFERROR(100*SUMPRODUCT((homes!$A$2:$A$9222=A39)*(homes!$H$2:$H$9222<>"")*(homes!$F$2:$F$9222=B39)*(homes!$H$2:$H$9222<25))/C39,"")	9	414.9	40.7	44.4	=IF(G39="","",ROUND(C39-G39,0)+ROUND(D39-H39,0)+ROUND(E39-I39,0)+ROUND(F39-J39,0))
Invitation Homes	Daphne-Fairhope-Foley, AL	=SUMPRODUCT((homes!$A$2:$A$9222=A40)*(homes!$H$2:$H$9222<>"")*(homes!$F$2:$F$9222=B40))	=IFERROR(AGGREGATE(17,6,homes!$G$2:$G$9222/((homes!$A$2:$A$9222=A40)*(homes!$H$2:$H$9222<>"")*(homes!$F$2:$F$9222=B40)),2),"")	=IFERROR(AGGREGATE(17,6,homes!$H$2:$H$9222/((homes!$A$2:$A$9222=A40)*(homes!$H$2:$H$9222<>"")*(homes!$F$2:$F$9222=B40)),2),"")	=IFERROR(100*SUMPRODUCT((homes!$A$2:$A$9222=A40)*(homes!$H$2:$H$9222<>"")*(homes!$F$2:$F$9222=B40)*(homes!$H$2:$H$9222<25))/C40,"")					=IF(G40="","",ROUND(C40-G40,0)+ROUND(D40-H40,0)+ROUND(E40-I40,0)+ROUND(F40-J40,0))
AMH	Daphne-Fairhope-Foley, AL	=SUMPRODUCT((homes!$A$2:$A$9222=A41)*(homes!$H$2:$H$9222<>"")*(homes!$F$2:$F$9222=B41))	=IFERROR(AGGREGATE(17,6,homes!$G$2:$G$9222/((homes!$A$2:$A$9222=A41)*(homes!$H$2:$H$9222<>"")*(homes!$F$2:$F$9222=B41)),2),"")	=IFERROR(AGGREGATE(17,6,homes!$H$2:$H$9222/((homes!$A$2:$A$9222=A41)*(homes!$H$2:$H$9222<>"")*(homes!$F$2:$F$9222=B41)),2),"")	=IFERROR(100*SUMPRODUCT((homes!$A$2:$A$9222=A41)*(homes!$H$2:$H$9222<>"")*(homes!$F$2:$F$9222=B41)*(homes!$H$2:$H$9222<25))/C41,"")					=IF(G41="","",ROUND(C41-G41,0)+ROUND(D41-H41,0)+ROUND(E41-I41,0)+ROUND(F41-J41,0))
MRP Liberty	Little Rock-North Little Rock-Conway, AR	=SUMPRODUCT((homes!$A$2:$A$9222=A42)*(homes!$H$2:$H$9222<>"")*(homes!$F$2:$F$9222=B42))	=IFERROR(AGGREGATE(17,6,homes!$G$2:$G$9222/((homes!$A$2:$A$9222=A42)*(homes!$H$2:$H$9222<>"")*(homes!$F$2:$F$9222=B42)),2),"")	=IFERROR(AGGREGATE(17,6,homes!$H$2:$H$9222/((homes!$A$2:$A$9222=A42)*(homes!$H$2:$H$9222<>"")*(homes!$F$2:$F$9222=B42)),2),"")	=IFERROR(100*SUMPRODUCT((homes!$A$2:$A$9222=A42)*(homes!$H$2:$H$9222<>"")*(homes!$F$2:$F$9222=B42)*(homes!$H$2:$H$9222<25))/C42,"")	30	92.6	8.9	66.7	=IF(G42="","",ROUND(C42-G42,0)+ROUND(D42-H42,0)+ROUND(E42-I42,0)+ROUND(F42-J42,0))
Lennar community	Little Rock-North Little Rock-Conway, AR	=SUMPRODUCT((homes!$A$2:$A$9222=A43)*(homes!$H$2:$H$9222<>"")*(homes!$F$2:$F$9222=B43))	=IFERROR(AGGREGATE(17,6,homes!$G$2:$G$9222/((homes!$A$2:$A$9222=A43)*(homes!$H$2:$H$9222<>"")*(homes!$F$2:$F$9222=B43)),2),"")	=IFERROR(AGGREGATE(17,6,homes!$H$2:$H$9222/((homes!$A$2:$A$9222=A43)*(homes!$H$2:$H$9222<>"")*(homes!$F$2:$F$9222=B43)),2),"")	=IFERROR(100*SUMPRODUCT((homes!$A$2:$A$9222=A43)*(homes!$H$2:$H$9222<>"")*(homes!$F$2:$F$9222=B43)*(homes!$H$2:$H$9222<25))/C43,"")	11	324.7	34.2	36.4	=IF(G43="","",ROUND(C43-G43,0)+ROUND(D43-H43,0)+ROUND(E43-I43,0)+ROUND(F43-J43,0))
Invitation Homes	Little Rock-North Little Rock-Conway, AR	=SUMPRODUCT((homes!$A$2:$A$9222=A44)*(homes!$H$2:$H$9222<>"")*(homes!$F$2:$F$9222=B44))	=IFERROR(AGGREGATE(17,6,homes!$G$2:$G$9222/((homes!$A$2:$A$9222=A44)*(homes!$H$2:$H$9222<>"")*(homes!$F$2:$F$9222=B44)),2),"")	=IFERROR(AGGREGATE(17,6,homes!$H$2:$H$9222/((homes!$A$2:$A$9222=A44)*(homes!$H$2:$H$9222<>"")*(homes!$F$2:$F$9222=B44)),2),"")	=IFERROR(100*SUMPRODUCT((homes!$A$2:$A$9222=A44)*(homes!$H$2:$H$9222<>"")*(homes!$F$2:$F$9222=B44)*(homes!$H$2:$H$9222<25))/C44,"")					=IF(G44="","",ROUND(C44-G44,0)+ROUND(D44-H44,0)+ROUND(E44-I44,0)+ROUND(F44-J44,0))
AMH	Little Rock-North Little Rock-Conway, AR	=SUMPRODUCT((homes!$A$2:$A$9222=A45)*(homes!$H$2:$H$9222<>"")*(homes!$F$2:$F$9222=B45))	=IFERROR(AGGREGATE(17,6,homes!$G$2:$G$9222/((homes!$A$2:$A$9222=A45)*(homes!$H$2:$H$9222<>"")*(homes!$F$2:$F$9222=B45)),2),"")	=IFERROR(AGGREGATE(17,6,homes!$H$2:$H$9222/((homes!$A$2:$A$9222=A45)*(homes!$H$2:$H$9222<>"")*(homes!$F$2:$F$9222=B45)),2),"")	=IFERROR(100*SUMPRODUCT((homes!$A$2:$A$9222=A45)*(homes!$H$2:$H$9222<>"")*(homes!$F$2:$F$9222=B45)*(homes!$H$2:$H$9222<25))/C45,"")					=IF(G45="","",ROUND(C45-G45,0)+ROUND(D45-H45,0)+ROUND(E45-I45,0)+ROUND(F45-J45,0))
MRP Liberty	Columbia, SC	=SUMPRODUCT((homes!$A$2:$A$9222=A46)*(homes!$H$2:$H$9222<>"")*(homes!$F$2:$F$9222=B46))	=IFERROR(AGGREGATE(17,6,homes!$G$2:$G$9222/((homes!$A$2:$A$9222=A46)*(homes!$H$2:$H$9222<>"")*(homes!$F$2:$F$9222=B46)),2),"")	=IFERROR(AGGREGATE(17,6,homes!$H$2:$H$9222/((homes!$A$2:$A$9222=A46)*(homes!$H$2:$H$9222<>"")*(homes!$F$2:$F$9222=B46)),2),"")	=IFERROR(100*SUMPRODUCT((homes!$A$2:$A$9222=A46)*(homes!$H$2:$H$9222<>"")*(homes!$F$2:$F$9222=B46)*(homes!$H$2:$H$9222<25))/C46,"")	30	176.9	18.2	100.0	=IF(G46="","",ROUND(C46-G46,0)+ROUND(D46-H46,0)+ROUND(E46-I46,0)+ROUND(F46-J46,0))
Lennar community	Columbia, SC	=SUMPRODUCT((homes!$A$2:$A$9222=A47)*(homes!$H$2:$H$9222<>"")*(homes!$F$2:$F$9222=B47))	=IFERROR(AGGREGATE(17,6,homes!$G$2:$G$9222/((homes!$A$2:$A$9222=A47)*(homes!$H$2:$H$9222<>"")*(homes!$F$2:$F$9222=B47)),2),"")	=IFERROR(AGGREGATE(17,6,homes!$H$2:$H$9222/((homes!$A$2:$A$9222=A47)*(homes!$H$2:$H$9222<>"")*(homes!$F$2:$F$9222=B47)),2),"")	=IFERROR(100*SUMPRODUCT((homes!$A$2:$A$9222=A47)*(homes!$H$2:$H$9222<>"")*(homes!$F$2:$F$9222=B47)*(homes!$H$2:$H$9222<25))/C47,"")	15	258.9	19.4	53.3	=IF(G47="","",ROUND(C47-G47,0)+ROUND(D47-H47,0)+ROUND(E47-I47,0)+ROUND(F47-J47,0))
Invitation Homes	Columbia, SC	=SUMPRODUCT((homes!$A$2:$A$9222=A48)*(homes!$H$2:$H$9222<>"")*(homes!$F$2:$F$9222=B48))	=IFERROR(AGGREGATE(17,6,homes!$G$2:$G$9222/((homes!$A$2:$A$9222=A48)*(homes!$H$2:$H$9222<>"")*(homes!$F$2:$F$9222=B48)),2),"")	=IFERROR(AGGREGATE(17,6,homes!$H$2:$H$9222/((homes!$A$2:$A$9222=A48)*(homes!$H$2:$H$9222<>"")*(homes!$F$2:$F$9222=B48)),2),"")	=IFERROR(100*SUMPRODUCT((homes!$A$2:$A$9222=A48)*(homes!$H$2:$H$9222<>"")*(homes!$F$2:$F$9222=B48)*(homes!$H$2:$H$9222<25))/C48,"")					=IF(G48="","",ROUND(C48-G48,0)+ROUND(D48-H48,0)+ROUND(E48-I48,0)+ROUND(F48-J48,0))
AMH	Columbia, SC	=SUMPRODUCT((homes!$A$2:$A$9222=A49)*(homes!$H$2:$H$9222<>"")*(homes!$F$2:$F$9222=B49))	=IFERROR(AGGREGATE(17,6,homes!$G$2:$G$9222/((homes!$A$2:$A$9222=A49)*(homes!$H$2:$H$9222<>"")*(homes!$F$2:$F$9222=B49)),2),"")	=IFERROR(AGGREGATE(17,6,homes!$H$2:$H$9222/((homes!$A$2:$A$9222=A49)*(homes!$H$2:$H$9222<>"")*(homes!$F$2:$F$9222=B49)),2),"")	=IFERROR(100*SUMPRODUCT((homes!$A$2:$A$9222=A49)*(homes!$H$2:$H$9222<>"")*(homes!$F$2:$F$9222=B49)*(homes!$H$2:$H$9222<25))/C49,"")					=IF(G49="","",ROUND(C49-G49,0)+ROUND(D49-H49,0)+ROUND(E49-I49,0)+ROUND(F49-J49,0))
MRP Liberty	Warner Robins, GA	=SUMPRODUCT((homes!$A$2:$A$9222=A50)*(homes!$H$2:$H$9222<>"")*(homes!$F$2:$F$9222=B50))	=IFERROR(AGGREGATE(17,6,homes!$G$2:$G$9222/((homes!$A$2:$A$9222=A50)*(homes!$H$2:$H$9222<>"")*(homes!$F$2:$F$9222=B50)),2),"")	=IFERROR(AGGREGATE(17,6,homes!$H$2:$H$9222/((homes!$A$2:$A$9222=A50)*(homes!$H$2:$H$9222<>"")*(homes!$F$2:$F$9222=B50)),2),"")	=IFERROR(100*SUMPRODUCT((homes!$A$2:$A$9222=A50)*(homes!$H$2:$H$9222<>"")*(homes!$F$2:$F$9222=B50)*(homes!$H$2:$H$9222<25))/C50,"")	27	221.3	14.6	59.3	=IF(G50="","",ROUND(C50-G50,0)+ROUND(D50-H50,0)+ROUND(E50-I50,0)+ROUND(F50-J50,0))
Lennar community	Warner Robins, GA	=SUMPRODUCT((homes!$A$2:$A$9222=A51)*(homes!$H$2:$H$9222<>"")*(homes!$F$2:$F$9222=B51))	=IFERROR(AGGREGATE(17,6,homes!$G$2:$G$9222/((homes!$A$2:$A$9222=A51)*(homes!$H$2:$H$9222<>"")*(homes!$F$2:$F$9222=B51)),2),"")	=IFERROR(AGGREGATE(17,6,homes!$H$2:$H$9222/((homes!$A$2:$A$9222=A51)*(homes!$H$2:$H$9222<>"")*(homes!$F$2:$F$9222=B51)),2),"")	=IFERROR(100*SUMPRODUCT((homes!$A$2:$A$9222=A51)*(homes!$H$2:$H$9222<>"")*(homes!$F$2:$F$9222=B51)*(homes!$H$2:$H$9222<25))/C51,"")	7	264.5	25.2	42.9	=IF(G51="","",ROUND(C51-G51,0)+ROUND(D51-H51,0)+ROUND(E51-I51,0)+ROUND(F51-J51,0))
Invitation Homes	Warner Robins, GA	=SUMPRODUCT((homes!$A$2:$A$9222=A52)*(homes!$H$2:$H$9222<>"")*(homes!$F$2:$F$9222=B52))	=IFERROR(AGGREGATE(17,6,homes!$G$2:$G$9222/((homes!$A$2:$A$9222=A52)*(homes!$H$2:$H$9222<>"")*(homes!$F$2:$F$9222=B52)),2),"")	=IFERROR(AGGREGATE(17,6,homes!$H$2:$H$9222/((homes!$A$2:$A$9222=A52)*(homes!$H$2:$H$9222<>"")*(homes!$F$2:$F$9222=B52)),2),"")	=IFERROR(100*SUMPRODUCT((homes!$A$2:$A$9222=A52)*(homes!$H$2:$H$9222<>"")*(homes!$F$2:$F$9222=B52)*(homes!$H$2:$H$9222<25))/C52,"")					=IF(G52="","",ROUND(C52-G52,0)+ROUND(D52-H52,0)+ROUND(E52-I52,0)+ROUND(F52-J52,0))
AMH	Warner Robins, GA	=SUMPRODUCT((homes!$A$2:$A$9222=A53)*(homes!$H$2:$H$9222<>"")*(homes!$F$2:$F$9222=B53))	=IFERROR(AGGREGATE(17,6,homes!$G$2:$G$9222/((homes!$A$2:$A$9222=A53)*(homes!$H$2:$H$9222<>"")*(homes!$F$2:$F$9222=B53)),2),"")	=IFERROR(AGGREGATE(17,6,homes!$H$2:$H$9222/((homes!$A$2:$A$9222=A53)*(homes!$H$2:$H$9222<>"")*(homes!$F$2:$F$9222=B53)),2),"")	=IFERROR(100*SUMPRODUCT((homes!$A$2:$A$9222=A53)*(homes!$H$2:$H$9222<>"")*(homes!$F$2:$F$9222=B53)*(homes!$H$2:$H$9222<25))/C53,"")					=IF(G53="","",ROUND(C53-G53,0)+ROUND(D53-H53,0)+ROUND(E53-I53,0)+ROUND(F53-J53,0))

TABLE 1: overall	properties	median density	median percentile in metro	% in least dense quarter
MRP Liberty	=SUMPRODUCT((homes!$A$2:$A$9222=A56)*(homes!$H$2:$H$9222<>""))	=IFERROR(AGGREGATE(17,6,homes!$G$2:$G$9222/((homes!$A$2:$A$9222=A56)*(homes!$H$2:$H$9222<>"")),2),"")	=IFERROR(AGGREGATE(17,6,homes!$H$2:$H$9222/((homes!$A$2:$A$9222=A56)*(homes!$H$2:$H$9222<>"")),2),"")	=IFERROR(100*SUMPRODUCT((homes!$A$2:$A$9222=A56)*(homes!$H$2:$H$9222<>"")*(homes!$H$2:$H$9222<25))/B56,"")
Lennar community	=SUMPRODUCT((homes!$A$2:$A$9222=A57)*(homes!$H$2:$H$9222<>""))	=IFERROR(AGGREGATE(17,6,homes!$G$2:$G$9222/((homes!$A$2:$A$9222=A57)*(homes!$H$2:$H$9222<>"")),2),"")	=IFERROR(AGGREGATE(17,6,homes!$H$2:$H$9222/((homes!$A$2:$A$9222=A57)*(homes!$H$2:$H$9222<>"")),2),"")	=IFERROR(100*SUMPRODUCT((homes!$A$2:$A$9222=A57)*(homes!$H$2:$H$9222<>"")*(homes!$H$2:$H$9222<25))/B57,"")
Invitation Homes	=SUMPRODUCT((homes!$A$2:$A$9222=A58)*(homes!$H$2:$H$9222<>""))	=IFERROR(AGGREGATE(17,6,homes!$G$2:$G$9222/((homes!$A$2:$A$9222=A58)*(homes!$H$2:$H$9222<>"")),2),"")	=IFERROR(AGGREGATE(17,6,homes!$H$2:$H$9222/((homes!$A$2:$A$9222=A58)*(homes!$H$2:$H$9222<>"")),2),"")	=IFERROR(100*SUMPRODUCT((homes!$A$2:$A$9222=A58)*(homes!$H$2:$H$9222<>"")*(homes!$H$2:$H$9222<25))/B58,"")
AMH	=SUMPRODUCT((homes!$A$2:$A$9222=A59)*(homes!$H$2:$H$9222<>""))	=IFERROR(AGGREGATE(17,6,homes!$G$2:$G$9222/((homes!$A$2:$A$9222=A59)*(homes!$H$2:$H$9222<>"")),2),"")	=IFERROR(AGGREGATE(17,6,homes!$H$2:$H$9222/((homes!$A$2:$A$9222=A59)*(homes!$H$2:$H$9222<>"")),2),"")	=IFERROR(100*SUMPRODUCT((homes!$A$2:$A$9222=A59)*(homes!$H$2:$H$9222<>"")*(homes!$H$2:$H$9222<25))/B59,"")

TABLE 2: median percentile in metro	MRP Liberty	Lennar community	Invitation Homes	AMH
ALL	=IFERROR(AGGREGATE(17,6,homes!$H$2:$H$9222/((homes!$A$2:$A$9222=B$61)*(homes!$H$2:$H$9222<>"")),2),"")	=IFERROR(AGGREGATE(17,6,homes!$H$2:$H$9222/((homes!$A$2:$A$9222=C$61)*(homes!$H$2:$H$9222<>"")),2),"")	=IFERROR(AGGREGATE(17,6,homes!$H$2:$H$9222/((homes!$A$2:$A$9222=D$61)*(homes!$H$2:$H$9222<>"")),2),"")	=IFERROR(AGGREGATE(17,6,homes!$H$2:$H$9222/((homes!$A$2:$A$9222=E$61)*(homes!$H$2:$H$9222<>"")),2),"")
San Antonio-New Braunfels, TX	=IFERROR(AGGREGATE(17,6,homes!$H$2:$H$9222/((homes!$A$2:$A$9222=B$61)*(homes!$H$2:$H$9222<>"")*(homes!$F$2:$F$9222=$A63)),2),"")	=IFERROR(AGGREGATE(17,6,homes!$H$2:$H$9222/((homes!$A$2:$A$9222=C$61)*(homes!$H$2:$H$9222<>"")*(homes!$F$2:$F$9222=$A63)),2),"")	=IFERROR(AGGREGATE(17,6,homes!$H$2:$H$9222/((homes!$A$2:$A$9222=D$61)*(homes!$H$2:$H$9222<>"")*(homes!$F$2:$F$9222=$A63)),2),"")	=IFERROR(AGGREGATE(17,6,homes!$H$2:$H$9222/((homes!$A$2:$A$9222=E$61)*(homes!$H$2:$H$9222<>"")*(homes!$F$2:$F$9222=$A63)),2),"")
Houston-The Woodlands-Sugar Land, TX	=IFERROR(AGGREGATE(17,6,homes!$H$2:$H$9222/((homes!$A$2:$A$9222=B$61)*(homes!$H$2:$H$9222<>"")*(homes!$F$2:$F$9222=$A64)),2),"")	=IFERROR(AGGREGATE(17,6,homes!$H$2:$H$9222/((homes!$A$2:$A$9222=C$61)*(homes!$H$2:$H$9222<>"")*(homes!$F$2:$F$9222=$A64)),2),"")	=IFERROR(AGGREGATE(17,6,homes!$H$2:$H$9222/((homes!$A$2:$A$9222=D$61)*(homes!$H$2:$H$9222<>"")*(homes!$F$2:$F$9222=$A64)),2),"")	=IFERROR(AGGREGATE(17,6,homes!$H$2:$H$9222/((homes!$A$2:$A$9222=E$61)*(homes!$H$2:$H$9222<>"")*(homes!$F$2:$F$9222=$A64)),2),"")
Dallas-Fort Worth-Arlington, TX	=IFERROR(AGGREGATE(17,6,homes!$H$2:$H$9222/((homes!$A$2:$A$9222=B$61)*(homes!$H$2:$H$9222<>"")*(homes!$F$2:$F$9222=$A65)),2),"")	=IFERROR(AGGREGATE(17,6,homes!$H$2:$H$9222/((homes!$A$2:$A$9222=C$61)*(homes!$H$2:$H$9222<>"")*(homes!$F$2:$F$9222=$A65)),2),"")	=IFERROR(AGGREGATE(17,6,homes!$H$2:$H$9222/((homes!$A$2:$A$9222=D$61)*(homes!$H$2:$H$9222<>"")*(homes!$F$2:$F$9222=$A65)),2),"")	=IFERROR(AGGREGATE(17,6,homes!$H$2:$H$9222/((homes!$A$2:$A$9222=E$61)*(homes!$H$2:$H$9222<>"")*(homes!$F$2:$F$9222=$A65)),2),"")
Ocala, FL	=IFERROR(AGGREGATE(17,6,homes!$H$2:$H$9222/((homes!$A$2:$A$9222=B$61)*(homes!$H$2:$H$9222<>"")*(homes!$F$2:$F$9222=$A66)),2),"")	=IFERROR(AGGREGATE(17,6,homes!$H$2:$H$9222/((homes!$A$2:$A$9222=C$61)*(homes!$H$2:$H$9222<>"")*(homes!$F$2:$F$9222=$A66)),2),"")	=IFERROR(AGGREGATE(17,6,homes!$H$2:$H$9222/((homes!$A$2:$A$9222=D$61)*(homes!$H$2:$H$9222<>"")*(homes!$F$2:$F$9222=$A66)),2),"")	=IFERROR(AGGREGATE(17,6,homes!$H$2:$H$9222/((homes!$A$2:$A$9222=E$61)*(homes!$H$2:$H$9222<>"")*(homes!$F$2:$F$9222=$A66)),2),"")
Myrtle Beach-Conway-North Myrtle Beach, SC-NC	=IFERROR(AGGREGATE(17,6,homes!$H$2:$H$9222/((homes!$A$2:$A$9222=B$61)*(homes!$H$2:$H$9222<>"")*(homes!$F$2:$F$9222=$A67)),2),"")	=IFERROR(AGGREGATE(17,6,homes!$H$2:$H$9222/((homes!$A$2:$A$9222=C$61)*(homes!$H$2:$H$9222<>"")*(homes!$F$2:$F$9222=$A67)),2),"")	=IFERROR(AGGREGATE(17,6,homes!$H$2:$H$9222/((homes!$A$2:$A$9222=D$61)*(homes!$H$2:$H$9222<>"")*(homes!$F$2:$F$9222=$A67)),2),"")	=IFERROR(AGGREGATE(17,6,homes!$H$2:$H$9222/((homes!$A$2:$A$9222=E$61)*(homes!$H$2:$H$9222<>"")*(homes!$F$2:$F$9222=$A67)),2),"")
Raleigh-Cary, NC	=IFERROR(AGGREGATE(17,6,homes!$H$2:$H$9222/((homes!$A$2:$A$9222=B$61)*(homes!$H$2:$H$9222<>"")*(homes!$F$2:$F$9222=$A68)),2),"")	=IFERROR(AGGREGATE(17,6,homes!$H$2:$H$9222/((homes!$A$2:$A$9222=C$61)*(homes!$H$2:$H$9222<>"")*(homes!$F$2:$F$9222=$A68)),2),"")	=IFERROR(AGGREGATE(17,6,homes!$H$2:$H$9222/((homes!$A$2:$A$9222=D$61)*(homes!$H$2:$H$9222<>"")*(homes!$F$2:$F$9222=$A68)),2),"")	=IFERROR(AGGREGATE(17,6,homes!$H$2:$H$9222/((homes!$A$2:$A$9222=E$61)*(homes!$H$2:$H$9222<>"")*(homes!$F$2:$F$9222=$A68)),2),"")
Austin-Round Rock-Georgetown, TX	=IFERROR(AGGREGATE(17,6,homes!$H$2:$H$9222/((homes!$A$2:$A$9222=B$61)*(homes!$H$2:$H$9222<>"")*(homes!$F$2:$F$9222=$A69)),2),"")	=IFERROR(AGGREGATE(17,6,homes!$H$2:$H$9222/((homes!$A$2:$A$9222=C$61)*(homes!$H$2:$H$9222<>"")*(homes!$F$2:$F$9222=$A69)),2),"")	=IFERROR(AGGREGATE(17,6,homes!$H$2:$H$9222/((homes!$A$2:$A$9222=D$61)*(homes!$H$2:$H$9222<>"")*(homes!$F$2:$F$9222=$A69)),2),"")	=IFERROR(AGGREGATE(17,6,homes!$H$2:$H$9222/((homes!$A$2:$A$9222=E$61)*(homes!$H$2:$H$9222<>"")*(homes!$F$2:$F$9222=$A69)),2),"")
Sherman-Denison, TX	=IFERROR(AGGREGATE(17,6,homes!$H$2:$H$9222/((homes!$A$2:$A$9222=B$61)*(homes!$H$2:$H$9222<>"")*(homes!$F$2:$F$9222=$A70)),2),"")	=IFERROR(AGGREGATE(17,6,homes!$H$2:$H$9222/((homes!$A$2:$A$9222=C$61)*(homes!$H$2:$H$9222<>"")*(homes!$F$2:$F$9222=$A70)),2),"")	=IFERROR(AGGREGATE(17,6,homes!$H$2:$H$9222/((homes!$A$2:$A$9222=D$61)*(homes!$H$2:$H$9222<>"")*(homes!$F$2:$F$9222=$A70)),2),"")	=IFERROR(AGGREGATE(17,6,homes!$H$2:$H$9222/((homes!$A$2:$A$9222=E$61)*(homes!$H$2:$H$9222<>"")*(homes!$F$2:$F$9222=$A70)),2),"")
Daphne-Fairhope-Foley, AL	=IFERROR(AGGREGATE(17,6,homes!$H$2:$H$9222/((homes!$A$2:$A$9222=B$61)*(homes!$H$2:$H$9222<>"")*(homes!$F$2:$F$9222=$A71)),2),"")	=IFERROR(AGGREGATE(17,6,homes!$H$2:$H$9222/((homes!$A$2:$A$9222=C$61)*(homes!$H$2:$H$9222<>"")*(homes!$F$2:$F$9222=$A71)),2),"")	=IFERROR(AGGREGATE(17,6,homes!$H$2:$H$9222/((homes!$A$2:$A$9222=D$61)*(homes!$H$2:$H$9222<>"")*(homes!$F$2:$F$9222=$A71)),2),"")	=IFERROR(AGGREGATE(17,6,homes!$H$2:$H$9222/((homes!$A$2:$A$9222=E$61)*(homes!$H$2:$H$9222<>"")*(homes!$F$2:$F$9222=$A71)),2),"")
Little Rock-North Little Rock-Conway, AR	=IFERROR(AGGREGATE(17,6,homes!$H$2:$H$9222/((homes!$A$2:$A$9222=B$61)*(homes!$H$2:$H$9222<>"")*(homes!$F$2:$F$9222=$A72)),2),"")	=IFERROR(AGGREGATE(17,6,homes!$H$2:$H$9222/((homes!$A$2:$A$9222=C$61)*(homes!$H$2:$H$9222<>"")*(homes!$F$2:$F$9222=$A72)),2),"")	=IFERROR(AGGREGATE(17,6,homes!$H$2:$H$9222/((homes!$A$2:$A$9222=D$61)*(homes!$H$2:$H$9222<>"")*(homes!$F$2:$F$9222=$A72)),2),"")	=IFERROR(AGGREGATE(17,6,homes!$H$2:$H$9222/((homes!$A$2:$A$9222=E$61)*(homes!$H$2:$H$9222<>"")*(homes!$F$2:$F$9222=$A72)),2),"")
Columbia, SC	=IFERROR(AGGREGATE(17,6,homes!$H$2:$H$9222/((homes!$A$2:$A$9222=B$61)*(homes!$H$2:$H$9222<>"")*(homes!$F$2:$F$9222=$A73)),2),"")	=IFERROR(AGGREGATE(17,6,homes!$H$2:$H$9222/((homes!$A$2:$A$9222=C$61)*(homes!$H$2:$H$9222<>"")*(homes!$F$2:$F$9222=$A73)),2),"")	=IFERROR(AGGREGATE(17,6,homes!$H$2:$H$9222/((homes!$A$2:$A$9222=D$61)*(homes!$H$2:$H$9222<>"")*(homes!$F$2:$F$9222=$A73)),2),"")	=IFERROR(AGGREGATE(17,6,homes!$H$2:$H$9222/((homes!$A$2:$A$9222=E$61)*(homes!$H$2:$H$9222<>"")*(homes!$F$2:$F$9222=$A73)),2),"")
Warner Robins, GA	=IFERROR(AGGREGATE(17,6,homes!$H$2:$H$9222/((homes!$A$2:$A$9222=B$61)*(homes!$H$2:$H$9222<>"")*(homes!$F$2:$F$9222=$A74)),2),"")	=IFERROR(AGGREGATE(17,6,homes!$H$2:$H$9222/((homes!$A$2:$A$9222=C$61)*(homes!$H$2:$H$9222<>"")*(homes!$F$2:$F$9222=$A74)),2),"")	=IFERROR(AGGREGATE(17,6,homes!$H$2:$H$9222/((homes!$A$2:$A$9222=D$61)*(homes!$H$2:$H$9222<>"")*(homes!$F$2:$F$9222=$A74)),2),"")	=IFERROR(AGGREGATE(17,6,homes!$H$2:$H$9222/((homes!$A$2:$A$9222=E$61)*(homes!$H$2:$H$9222<>"")*(homes!$F$2:$F$9222=$A74)),2),"")
